NumeroLinha;Linha;Nome
206;30-01;EST. DIAMANTE/CENTRO-DIRETA
256;31-01;JATOBA / HOSPITAIS
208;30-03;PARADORA VIA RUA DOS CAETÉS
258;31-03;JATOBA / HOSPITAIS
209;30-04;ESTACAO DIAMANTE/CENTRO
947;31-05;JATOBA / HOSPITAIS
210;30-06;ESTACAO DIAMANTE/CENTRO
211;30-07;ESTACAO DIAMANTE/CENTRO
212;30-08;ZOOLÓGICO
213;30-09;ESTACAO DIAMANTE/CENTRO
214;30-10;ESTACAO DIAMANTE/CENTRO
215;30-11;ESTACAO DIAMANTE/CENTRO
216;30-12;ESTACAO DIAMANTE/CENTRO
884;0000-01;LINHA APRESENTAÇÃO
783;007-01;ERMELINDA/BH SHOPPING
2;0100-01;BARREIRO
3;0100-02;BARREIRO
4;0100-03;BARREIRO
784;1000-01;ESTAÇÃO DIAMANTE
1200;1001-01;LINHA DE BLOQUEIO ESTAÇÃO DIAMANTE
1220;1001-02;LINHA DE BLOQUEIO ESTAÇÃO DIAMANTE
1221;1001-03;LINHA DE BLOQUEIO ESTAÇÃO DIAMANTE
1222;1001-04;LINHA DE BLOQUEIO ESTAÇÃO DIAMANTE
1223;1001-05;LINHA DE BLOQUEIO ESTAÇÃO DIAMANTE
1237;1001-06;LINHA BLOQUEIO ESTAÇÃO DIAMANTE ACESSO LOJAS
3515;1001-08;LINHA BLOQUEIO DIAMANTE DOMINGO
3514;1001-09;LINHA BLOQUEIO DIAMANTE DOMINGO
3516;1001-10;LINHA BLOQUEIO DIAMANTE DOMINGO
4642;1002-01;LINHA BLOQUEIO ESTAÇÃO DIAMANTE ACESSO LOJAS
989;1010-01;LINHA CARGA A BORDO 01
6;101-01;AGLOMERADO SANTA LUCIA
1192;1020-01;LINHA CARGA A BORDO 2
8;102-01;N.S.DE FATIMA/HOSP. EVANGELICO
1312;102-02;VIA AV CARDOSO
12;1030-01;AVENIDA
13;1030-05;AVENIDA
10;103-01;VILA CAFEZAL/RUA POUSO ALTO
870;104-01;ESTAÇÃO LAGOINHA / AVENIDA
6122;1050-01;CIRCULAR CENTRO NOTURNO NOS MUSEUS
1421;105-01;ESTAÇÃO CENTRAL/LOURDES
6428;105-02;ATENDIMENTO CARNAVAL
7778;105-03;DESVIO FEIRA AV.AFONSO PENA
1423;106-01;ESTAÇÃO CENTRAL / HOSPITAIS
2118;107-01;VILA MARÇOLA / RUA DO OURO
3555;108-01;TERMINAL BERNARDO MONTEIRO/HOSPITAIS
15;1115-01;FLAVIO MARQUES LISBOA
16;1115-02;FLAVIO MARQUES LISBOA
18;1120A-01;VALE DO JATOBA
20;1122A-01;CARDOSO A
21;1122A-05;CARDOSO A
23;1122B-01;CARDOSO B
25;1129A-01;MILIONARIOS/CIDADE INDUSTRIAL/NOVA SUICA A
27;1129B-01;MILIONARIOS/CIDADE INDUSTRIAL/NOVA SUICA B
29;1144A-01;INDEPENDENCIA
31;1144C-01;BAIRRO MINEIRAO
788;1144C-03;BAIRRO MINEIRAO
33;1145-01;BAIRRO DAS INDUSTRIAS
6247;1145-04;ATENDIMENTO CARNAVAL
35;1146A-01;CONJUNTO ANTONIO TEIXEIRA DIAS
37;1148A-01;MILIONARIOS
39;1148B-01;BONSUCESSO VIA MILIONARIOS
40;1148B-02;BONSUCESSO VIA MILIONARIOS
41;1148B-03;BONSUCESSO VIA MILIONARIOS
43;1170-01;SANTA LUCIA/MANGABEIRAS
6354;1170-02;ATENDIMENTO CARNAVAL
45;1207A-01;BETANIA/SANTA MONICA
46;1207A-02;BETANIA/SANTA MONICA
3402;1207A-04;BETANIA/SANTA MONICA
3404;1207A-05;BETANIA/SANTA MONICA- NOTURNO
48;1207B-01;CONJUNTO BETANIA/SANTA MONICA
49;1207B-03;CONJUNTO BETANIA/SANTA MONICA
50;1207B-05;CONJUNTO BETANIA/SANTA MONICA
976;1207B-06;CONJUNTO BETANIA/SANTA MONICA
977;1207B-07;CONJUNTO BETANIA/SANTA MONICA ATEND. LÓTUS
3407;1207B-08;CONJUNTO BETANIA/SANTA MONICA
52;1207C-01;BAIRRO DAS INDUSTRIAS - 4A SECAO/SANTA MONICA
3410;1207C-03;BAIRRO DAS INDUSTRIAS - 4A SECAO/SANTA MONICA
54;1404A-01;PALMEIRAS/ALIPIO DE MELO
55;1404A-03;NOTURNO
1066;1404A-05;PALMEIRAS / ALIPIO DE MELO
1067;1404A-06;PALMEIRAS/ALIPO DE MELO 
2654;1404A-07;PALMEIRAS/ALIPO DE MELO - ATEND. DOMINGOS/FERIADOS
3055;1404A-08;ALÍPIO DE MELO /  CENTRO - RETORNO EXPRESSO
3056;1404A-09;ALÍPIO DE MELO / RG CENTRO
3415;1404A-10;PALMEIRAS / ALÍPIO DE MELO 
3416;1404A-11;ALÍPIO DE MELO /  CENTRO
6333;1404A-13;ATENDIMENTO CARNAVAL
57;1404B-01;ESTRELA DO ORIENTE/ JARDIM INCOFIDENCIA
2514;1404B-03;ESTRELA DO ORIENTE / JARDIM INCONFIDENCIA
2655;1404B-04;EST. DO ORIENTE/JARDIM INCONF.-ATEND. DOMINGO/FERI
3316;1404B-05;ESTRELA DO ORIENTE/JARDIM INCONFIDENCIA
6334;1404B-07;ATENDIMENTO CARNAVAL
59;1404C-01;PALMEIRAS / SAO SALVADOR
2454;1404C-02;ESTRELA DO ORIENTE / SÃO SALVADOR
2474;1404C-03;ESTRELA DO ORIENTE / SÃO LAZARO
2534;1404C-04;PALMEIRAS / SÃO SALVADOR
3317;1404C-05;PALMEIRAS/SAO SALVADOR
6335;1404C-06;ATENDIMENTO CARNAVAL
61;1404R-01;VILA PARAISO/CENTRO VIA MARAJO
63;1404S-01;BETANIA/PALMEIRAS
64;1404S-02;BETANIA/PALMEIRAS
66;1502-01;VISTA ALEGRE / GUARANI
3334;1502-02;VISTA ALEGRE/GUARANI
6198;1502-03;ATENDIMENTO CARNAVAL
68;1505-01;ALTO DOS PINHEIROS/TUPI
69;1505-02;VIA CONJUNTO FELICIDADE
70;1505-03;NOTURNO
3354;1505-05;ALTO DOS PINHEIROS/TUPI
3355;1505-06;ALTO DOS PINHEIROS/TUPI ATEND CJ FELICIDADE
3356;1505-07;ALTO DOS PINHEIROS/TUPI ATEND NOTURNO
6199;1505-08;ATENDIMENTO CARNAVAL
6467;1505-09;NOTURNO CARNAVAL
6468;1505-10;CONJ. FELICIDADE - CARNAVAL
72;1505R-01;CENTRO/CONJUNTO FELICIDADE
73;1505R-02;CENTRO/CONJUNTO FELICIDADE
74;1505R-03;CENTRO/CONJUNTO FELICIDADE
6386;1505R-04;ATENDIMENTO CARNAVAL
76;1509-02;CALIFORNIA/TUPI
77;1509-05;CALIFORNIA/TUPI
3357;1509-07;CALIFORNIA/TUPI
6200;1509-08;ATENDIMENTO CARNAVAL
79;1510-01;MADRE GERTRUDES/PROVIDENCIA
3294;1510-03;MADRE GERTRUDES/PROVIDENCIA
6201;1510-04;NOTURNO CARNAVAL
787;2000-01;EST. VENDA NOVA
1913;2001-01;LINHA DE BLOQUEIO ESTAÇÃO VENDA NOVA
1914;2001-02;LINHA DE BLOQUEIO ESTAÇÃO VENDA NOVA
1915;2001-03;LINHA DE BLOQUEIO ESTAÇÃO VENDA NOVA
1916;2001-04;LINHA DE BLOQUEIO ESTAÇÃO VENDA NOVA ACESSO LOJAS
3498;2001-09;LINHA BLOQUEIO VENDA NOVA DOMINGO
3499;2001-10;LINHA BLOQUEIO VENDA NOVA DOMINGO
3195;2002-01;TOTEM ÁREA PAGA ESTAÇÃO VENDA NOVA
3196;2002-02;TOTEM ÁREA PAGA RESTAURANTE POPULAR
729;2004-01;BANDEIRANTES/PILAR VIA OLHOS D´AGUA
730;2004-02;BANDEIRANTES/PILAR ATEND.CLUBE BH/DESVIO FEIRA
731;2004-03;BANDEIRANTES/PILAR VIA OLHOS D´AGUA-DESVIO FEIRA
732;2004-04;BANDEIRANTES/PILAR VIA OLHOS D´AGUA
81;201-01;MORRO DAS PEDRAS
82;201-02;VIA R. NASCIMENTO GURGEL
2154;201-03;VIA VILA MONTE SÃO JOSÉ
7539;2020-01;FOLIÔNIBUS - CONTORNO
7540;2020-02;FOLIÔNIBUS - CONTORNO/FLORESTA
7541;2020-03;FOLIÔNIBUS - PAMPULHA
84;202-01;ESTACAO VILA OESTE
3721;202-02;VIA MADRE GERTRUDES
86;203-01;MORRO DAS PEDRAS/VENTOSA
5291;2031-01;VISTA ALEGRE/CENTRO
5293;2032-01;MADRE GERTRUDES/CENTRO
5628;2033-01;BETÂNIA / CENTRO
6269;2033-02;ATENDIMENTO CARNAVAL
5630;2034-01;CONJUNTO BETÂNIA / CENTRO
6244;2034-02;ATENDIMENTO CARNAVAL
5632;2035-01;BAIRRO DAS INDÚSTRIAS / CENTRO
6245;2035-02;ATENDIMENTO CARNAVAL
88;204-01;EST.VILA OESTE/ NOVA GAMELEIRA
872;205-01;METRO CALAFATE/ BURITIS
1442;205-02;METRÔ CALAFATE/BURITIS - RET. PÇ WILSON S. FLORES
2557;206-01;CIRCULAR OESTE
2558;206-02;CIRCULAR OESTE
2559;206-03;CIRCULAR OESTE
2560;206-04;CIRCULAR OESTE
5634;207-01;BETÂNIA / ESTAÇÃO VILA OESTE
6640;208-01;ESTAÇÃO BARREIRO/BETÂNIA VIA NOVO DAS INDUSTRIAS
90;2101-01;GRAJAU/SION
91;2101-02;GRAJAU/SION
3358;2101-03;GRAJAU/SION
6202;2101-04;ATENDIMENTO CARNAVAL
93;2102-01;GAMELEIRA / SERRA
94;2102-02;GAMELEIRA / SERRA
95;2102-03;GAMELEIRA / SERRA
789;2102-04;GAMELEIRA / SERRA
6207;2102-05;ATENDIMENTO CARNAVAL
97;2103-01;PRADO/ANCHIETA
3359;2103-03;PRADO/ANCHIETA
3574;2103-04;PRADO/ANCHIETA DESVIO FEIRA AV. AFONSO PENA
6210;2103-05;ATENDIMENTO CARNAVAL
98;2103-06;DESVIO FEIRA DA AV. AFONSO PENA
100;2104-01;NOVA GAMELEIRA/BH SHOPPING
101;2104-02;DESVIO FEIRA AF. PENA
102;2104-03;NOVA GAMELEIRA/FACULDADE MILTON CAMPOS
103;2104-04;VIA ISABELLA HENDRIX 
2995;2104-05;FACULDADE  MILTON CAMPOS /  CENTRO
3360;2104-06;NOVA GAMELEIRA/FACULDADE MILTON CAMPOS
3361;2104-07;NOVA GAMELEIRA/FAC MILTON CAMPOS ATEND IZABELLA HE
6213;2104-08;ATENDIMENTO CARNAVAL
6357;2104-09;VIA IZABELLA  CARNAVAL
105;2150-01;GRAJAU/SION VIA CONTORNO
6359;2150-02;ATENDIMENTO CARNAVAL
107;2151-01;VISTA ALEGRE/SERRA
6272;2151-02;ATENDIMENTO CARNAVAL
109;2152-01;SALGADO FILHO/CRUZEIRO
6362;2152-02;ATENDIMENTO CARNAVAL
7659;2153-01;GUTIERREZ/CRUZEIRO
111;2207-01;SERRA VERDE
112;2207-03;SERRA VERDE
113;2207-04;SERRA VERDE
790;2207-05;SERRA VERDE
3094;2207-06;ATENDIMENTO CIDADE AMINISTRATIVA - PM
3095;2207-07;ATENDIMENTO CIADADE ADMINISTRATIVA - PT
4217;2207-08;AV PARANÁ / SERRA VERDE
4295;2207-09;SERRA VERDE / AV SANTOS DUMONT
115;2207Z-01;SERRA VERDE/ZOOLOGICO
117;2208B-01;JARDIM EUROPA
118;2208B-02;JARDIM EUROPA
119;2208B-04;JARDIM EUROPA
791;2208B-05;JARDIM EUROPA
792;2208B-06;JARDIM EUROPA
1902;2208B-07;JARDIM EUROPA - VIA AV ANTÔNIO CARLOS
1903;2208B-08;JARDIM EUROPA VIA AV CRISTIANO MACHADO
2854;2208B-09;JARDIM EUROPA / CENTRO
2855;2208B-10;JARDIM EUROPA / PARTIDAS AV SANTOS DUMONT
121;2210A-01;RIO BRANCO
122;2210A-02;RIO BRANCO
124;2210B-01;JARDIM LEBLON VIA RIO BRANCO
125;2210B-02;JARDIM LEBLON VIA RIO BRANCO
126;2210B-03;JARDIM LEBLON VIA RIO BRANCO
2175;2210B-04;JARDIM LEBLON VIA RIO BRANCO / RETORNO EXPRESSO
128;2210C-01;PIRATININGA VIA RIO BRANCO
129;2210C-02;PIRATININGA VIA RIO BRANCO
130;2210C-03;PIRATININGA VIA RIO BRANCO
2416;2210C-04;PIRATININGA VIA RIO BRANCO
2778;2210C-05;PIRATININGA - CENTRO
2795;2210C-06;PIRATININGA  - PARTIDAS  AV SANTOS DUMONT
132;2211A-01;CAMPO ALEGRE
133;2211A-02;CAMPO ALEGRE
134;2211A-03;CAMPO ALEGRE
1303;2211A-04;CAMPO ALEGRE
1305;2211A-05;CAMPO ALEGRE
136;2211B-01;PLANALTO
137;2211B-03;PLANALTO - DESVIO FEIRA AV AFONSO PENA
139;2212A-01;JARDIM ATLANTICO
140;2212A-02;JARDIM ATLANTICO RETORNO AV SANTOS DUMONT
1317;2212A-03;JARDIM ATLANTICO
2176;2212A-04;JARDIM ATLANTICO / CENTRO
2177;2212A-05;JARDIM ATLANTICO / PARTIDAS RUA DOS CAETÉS
2779;2212A-06;JARDIM ATLANTICO - PART. AV SINFONIA
142;2212B-01;JARDIM LEBLON
143;2212B-02;JARDIM LEBLON / HOSPITAIS
1050;2212B-03;JARDIM LEBLON
2178;2212B-04;JARDIM LEBLOM /  CENTRO
2179;2212B-05;JARDIM LEBLOM /  PARTIDAS RUA DOS CAETÉS
145;2212C-01;COPACABANA VIA MONTE CARMELO
1462;2212C-02;COPACABANA / CENTRO
1463;2212C-03;COPACABANA VIA M. CARMELO - PART.RUA DOS CAETÉS
2975;2212C-04;COPACABANA VIA MONTE CARMELO PARTIDA R. EXPEDICION
2976;2212C-05;COPACABANA VIA MONTE CARMELO PARTIDAS R. UNIVERSO
147;2213-01;XANGRILA VIA GARCAS
149;2214-01;FLORAMAR
150;2214-02;FLORAMAR
1306;2214-03;FLORAMAR
2234;2214-04;FLORAMAR-AT. AV DR. CRIST. GUIMARÃES RET. EXPRESSO
2235;2214-05;FLORAMAR - RETORNO EXPRESSO
2236;2214-06;FLORAMAR -  CENTRO VIA AV CRIST. GUIMARÃES
2237;2214-07;FLORAMAR -  CENTRO VIA AV PORTUGAL
2238;2214-08;FLORAMAR VIA. AV CRIST. GUIMARAES / PART.AV PARANÁ
152;2214R-01;FLORAMAR/VIADUTO SAO FRANCISCO
154;2214Z-01;FLORAMAR/ZOOLOGICO
156;2215A-01;CEU AZUL A
157;2215A-02;CEU AZUL A
158;2215A-03;CEU AZUL A
159;2215A-04;CEU AZUL A
160;2215A-05;CEU AZUL A
161;2215A-06;CEU AZUL A
162;2215A-07;CEU AZUL A
1466;2215A-08;CÉU AZUL A - PAT. RUA DOS NAVEGANTES
2035;2215A-09;CÉU AZUL A / PART. RUA DOS NAVEGANTES
2180;2215A-10;CÉU AZUL A  /  CENTRO
2181;2215A-11;CÉU AZUL  A /  PARTIDAS RUA DOS CAETÉS
4397;2215A-12;PARTIDAS AVENIDA A 
4396;2215A-13;PARTIDAS RUA RADIALISTA ORLANDO CAVALCANTE 
5156;2215A-14;DESVIO FESTA DE SÃO LÁZARO RUA PADRE PAULO REGÓLIO
164;2215B-01;CEU AZUL B
165;2215B-02;CEU AZUL B
166;2215B-03;CEU AZUL B - HOSPITAIS
167;2215B-04;CEU AZUL B
168;2215B-05;CEU AZUL B - DIRETA /  HOSPITAIS
169;2215B-06;CEU AZUL B
170;2215B-07;CEU AZUL B
2781;2215B-08;CÉU AZUL B - CENTRO
2797;2215B-09;CÉU AZUL B - PART. RUA CAETÉS
172;2215C-01;KATIA VIA CEU AZUL
173;2215C-02;KATIA VIA CEU AZUL
793;2215C-03;KATIA VIA CEU AZUL
2782;2215C-04;KATIA - CENTRO
2798;2215C-05;KATIA VIA CEU AZUL - PARTIDAS RUA CAETÉS
175;2215D-02;CEU AZUL D
176;2215D-03;CEU AZUL D - HOSPITAIS
2775;2215D-04;CÉU AZUL D / PARTIDAS DA RUA CAETÉS
178;2215R-01;KATIA/VIADUTO SAO FRANCISCO
180;2216-01;SANTA BRANCA
1467;2216-03;SANTA BRANCA / CENTRO
1468;2216-04;SANTA BRANCA - PARTIDAS AV BERNARDO MONTEIRO
182;2224A-01;JARDIM DOS COMERCIARIOS A
183;2224A-02;JARDIM DOS COMERCIARIOS A
184;2224A-05;JARDIM DOS COMERCIARIOS A
185;2224A-06;JARDIM DOS COMERCIARIOS A
794;2224A-07;JARDIM DOS COMERCIARIOS A
1051;2224A-08;JARDIM DOS COMERCIARIOS A
3216;2224A-09;JARDIM DOS COMERCIARIOS A/ PART. RUA IVAN F. ALVES
4218;2224A-10;AV SANTOS DUMONT / JARDIM DOS COMERCIARIOS A
4219;2224A-11;JARDIM DOS COMERCIÁRIOS / AV SANTOS DUMONT
187;2224C-02;JARDIM DOS COMERCIARIOS C
795;2224C-03;JARDIM DOS COMERCIARIOS C
1924;2224C-04;JARDIM DOS COMERCIARIOS C
2776;2224C-05;JARDIM DOS COMERCIARIOS C - CENTRO   
2794;2224C-06;JARDIM  COMERCIARIOS C - PART. RUA RIO DE JANEIRO
189;2224R-01;JARDIM DOS COMERCIARIOS/VIADUTO SAO FRANCISCO
191;2234A-01;JAQUELINE A
192;2234A-02;JAQUELINE A
193;2234A-04;JAQUELINE A
1024;2234A-05;JAQUELINE A
1025;2234A-06;JAQUELINE A
1936;2234A-07;JAQUELINE A / AT. RESID. JAQUELINE 2 SEÇÃO
195;2234B-01;JAQUELINE B
1026;2234B-03;JAQUELINE B / CENTRO
1027;2234B-04;JAQUELINE B / PARTIDAS DA AV SANTOS DUMONT
197;2256A-01;SAO JOAO BATISTA A
198;2256A-02;SAO JOAO BATISTA A
199;2256A-03;SAO JOAO BATISTA A
1398;2256A-04;SÃO JOÃO BATISTA A
1763;2256A-05;SÃO JOÃO BATISTA A / PART. PÇA PEDRO ALCÂNTARA MOR
4220;2256A-06;PÇA PEDRO ALCANTARA MOREIRA / AV SANTOS DUMONT   
4221;2256A-07;AV SANTOS DUMONT/ SÃO JOÃO BATISTA
4276;2256A-08;SÃO JOÃO BATISTA / AV ALFREDO BALENA - HOSPITAIS
4277;2256A-09;RUA GOIÁS / SÃO JOÃO BATISTA
201;2256B-01;SAO JOAO BATISTA B
202;2256B-02;SAO JOAO BATISTA B
204;2402A-01;SAO BERNARDO/NOSSA SENHORA DA GLORIA A
3418;2402A-03;SAO BERNARDO/NOSSA SENHORA DA GLORIA A
867;3000-01;ACESSO ESTAÇÃO SAO GABRIEL
5400;3000-02;ACESSO ESTAÇÃO SÃO GABRIEL
5419;3001-01;LINHA BLOQUEIO SÃO GABRIEL
207;30-02;EST.DIAMANTE/CENTRO-PARADORA
5418;3002-01;LINHA BLOQUEIO MOVE SÃO GABRIEL (TARIFA A)
221;301-01;VIA RUA DA OLARIA
222;301-02;SOLAR/BRASIL INDUSTRIAL
223;301-03;SOLAR/BRASIL INDUSTRIAL
1000;301-04;SOLAR/BRASIL INDUSTRIAL
6498;301-05;VIA UPA BARREIRO
8035;3011-01;INDEPENDÊNCIA/ CENTRO
217;30-14;ESTACAO DIAMANTE/CENTRO
218;30-15;ESTACAO DIAMANTE/CENTRO
219;30-16;ESTACAO DIAMANTE/CENTRO
6265;30-17;ATENDIMENTO CARNAVAL
8019;3020-01;ÁGUAS CLARAS-VILA PINHO/CENTRO
225;302-01;ESTAÇÃO DIAMANTE / VILA PINHO
226;302-03;VILA PINHO/NOVO SANTA CECILIA
227;302-04;NOTURNO
1085;302-05;VIA CONJUNTO ÁGUAS CLARAS
2335;302-06;ESTAÇÃO DIAMANTE / VILA PINHO
4018;3029-01;REGINA / CENTRO
7838;3029-02;REGINA / RUA DOS CAETES
5713;3030-01;PILAR - OLHOS D AGUA / CENTRO
5714;3030-02;DESVIO FEIRA AFONSO PENA
6248;3030-03;ATENDIMENTO CARNAVAL
7358;3030-04;AT. OLHOS DAGUA NORTE
229;303-01;EST.DIAM./STA CECILIA-CASTANHEIRAS
230;303-02;SANTA CECILIA/CASTANHEIRAS
873;303-03;VIA ÁREA INDUSTRIAL
232;304-01;EST. DIAMANTE / JATOBA IV
238;3050-01;EST.DIAM./HOSPITAIS-BH SHOPPING
239;3050-03;ESTACAO DIAMANTE/HOSPITAL VIA BH SHOPPING
234;305-01;EST. DIAMANTE/ MANGUEIRAS
240;3050-10;RETORNO SAVASSI - PICO MANHÃ
241;3050-11;ESTACAO DIAMANTE/HOSPITAL VIA BH SHOPPING
1032;3050-12;ESTACAO DIAMANTE/HOSPITAL VIA BH SHOPPING
1064;3050-13;ESTACAO DIAMANTE/HOSPITAL VIA BH SHOPPING
1399;3050-14;RETORNO BH SHOPPING
1702;3050-15;DIRETA DO ANEL/SAVASSI - TARDE
1703;3050-16;DIRETA - HOSPITAIS - ESTAÇÃO 
4074;3050-17;RETORNO SAVASSI - PICO TARDE
4238;3050-18;ESTAÇÃO DIAMANTE /  PRAÇA HUGO WERNECK
6273;3050-19;ATENDIMENTO CARNAVAL
235;305-02;NOTURNO
236;305-03;VIA SETOR INDUSTRIAL
3974;305-04;EST.DIAMANTE/ AV. SOLF. RICCI
3975;305-05;PARTIDAS DA V. SOLFERINA RICCI
4494;305-06;PARTIDAS- RUA GERALDO R. FILHO
243;3051-01;FLAVIO M.LISBOA/SAVASSI-N.S.CARMO
1004;3051-02;FLAVIO MARQUES LISBOA / SAVASSI VIA N.S.CARMO
5956;3051-03;RETORNO EXPRESSO
6274;3051-04;ATENDIMENTO CARNAVAL
245;3052-01;EST.DIAMANTE/BH SHOPP- HAVAI
246;3052-02;HOSPITAIS VIA AVAI - DOMINGO
1212;3052-03;ESTACAO DIAMANTE/BH SHOPPING-VIA HAVAI
247;3052-04;VIA PARQUE DAS MANGABEIRAS
3174;3052-05;VIA BAIRRO BURITIS
6275;3052-06;ATENDIMENTO CARNAVAL
7518;3052-07;PARQUE DAS MANGABEIRAS - CARNAVAL
905;3053-01;EST.BARREIRO/ BARRO PRETO
6016;3053-02;ATENDIMENTO À VIA EXPRESSA 
6683;3053-03;ATENDIMENTO CARNAVAL
6684;3053-04;ATENDIMENTO A VIA EXPRESSA _CARNAVAL
908;3054-01;MILIONARIOS/CENTRO
4314;3054-02;RETORNO EXPRESSO
6249;3054-03;ATENDIMENTO CARNAVAL
1115;3055-01;EST.BARREIRO/SAVASSI-BH SHOP.
1116;3055-02;ESTACAO BARREIRO/SAVASSI VIA BHSHOPPING
1117;3055-03;ESTACAO BARREIRO/SAVASSI VIA BHSHOPPING
2634;3055-04;DIRETA ESTAÇÃO/SAVASSI - TARDE
3154;3055-05;DIRETA SAVASSI/ESTAÇÃO - MANHÃ
6277;3055-06;ATENDIMENTO CARNAVAL
6459;3055-07;NOTURNO-VIA EST. DIAMANTE - CARNAVAL
7340;3055-08;VIA OLHOS DÁGUA OESTE
7478;3055-09;VIA OLHOS DAGUA OESTE -CARNAVAL
249;308-01;EST. BARREIRO/ TIROL
250;308-02;NOTURNO
251;308-03;TIROL
253;309-01;EST.DIAM./PETROPOLIS-V.STA RITA
254;309-02;BAIRRO PETROPOLIS
1189;309-03;BAIRRO PETROPOLIS
260;310-01;EST. DIAMANTE/ 3 E 4 SECAO
261;310-02;3 E 4 SECAO
262;310-03;3 E 4 SECAO
257;31-02;JATOBA / HOSPITAIS
946;31-04;JATOBA / HOSPITAIS
264;311-01;EST. DIAMANTE/ INDEPENDENCIA
1003;311-02;NOTURNO
1955;311-03;EST.BARREIRO/ INDEPENDENCIA
1956;311-04;R. F. PITANGUEIRA/EST.BARREIRO
1957;311-05;R. F. PITANGUEIRA/EST.DIAMANTE
2334;311-06;ESTAÇÃO BARREIRO/MORADA DA SERRA VIA INDEPENDÊNCIA
266;313-01;DIAMANTE/OLARIA
268;314-01;EST.DIAM./EST.BARR. VIA STA HELENA
4021;3150-01;REGINA-LINDÉIA/ BH SHOPP- ANEL
926;315-01;EST. BARREIRO/ BARREIRO
927;315-02;BARREIRO / ESTAÇÃO BARREIRO
270;316-01;CIRCULAR SAUDE A
272;317-01;CIRCULAR SAUDE B
273;317-02;CIRCULAR SAUDE B
275;318-01;EST. BARR./J.LIBERDADE VIA MILIONARIOS
276;318-02;NOTURNO-VIA LIBERD./BONSUCESSO
277;318-03;ARAGUAIA/MILIONARIOS
278;318-04;ARAGUAIA/MILIONARIOS
1057;318-05;EST. BARR./J.LIBERDADE VIA MILIONARIOS
2694;318-06;PARTIDAS DA RUA JEREMIAS
4958;318-08;ATENDIMENTO AO LIBERDADE
280;319-01;VILA CEMIG/ CONJ. ESPERANCA
281;319-02;VIA PÇA JOSÉ VERANO
1316;319-03;VIA HOSPITAL JÚLIA KUBITSCHECK
3854;319-04;VIA BONSUCESSO
283;320-01;ESCOLA ESTADUAL AMARO NEVES
3134;320-02;SEGUNDA VIAGEM
3135;320-03;TERCEIRA VIAGEM
3136;320-04;QUARTA VIAGEM
3137;320-05;QUINTA VIAGEM
3138;320-06;SEXTA VIAGEM
929;32-01;DIRETA
930;32-02;PARADORA
931;32-03;ESTAÇÃO BARREIRO / CENTRO- TAMOIOS
932;32-04;ESTAÇÃO BARREIRO / CENTRO- TAMOIOS
995;32-05;ESTAÇÃO BARREIRO / CENTRO- TAMOIOS
996;32-06;ESTAÇÃO BARREIRO / CENTRO- TAMOIOS
2994;32-07;SANTO AGOSTINHO - DIRETA
6659;32-08;ATENDIMENTO CARNAVAL
285;321-01;OLHOS D AGUA / PILAR
286;321-02;VIA SETOR INDUSTRIAL
7419;3250-01;EST.DIAMANTE/BURITIS VIA PALMEIRAS
915;325-01;EST. BARREIRO/ FLAVIO M. LISBOA
1001;325-02;NOTURNO
917;326-01;EST. BARREIRO/ VALE DO JATOBA
919;327-01;EST. BARREIRO/ CARDOSO A
920;327-02;VIA CLUBE DA COPASA
972;327-03;NOTURNO
922;328-01;EST. BARREIRO/ CARDOSO B
1842;328-02;PARTIDAS- R. LUCAS C. SANTOS
924;329-01;EST. BARREIRO/ JATOBA
2695;329-02;VIA TERESA CRISTINA
934;330-01;EST. BARREIRO/ INDEPENDENCIA
975;330-02;NOTURNO
1022;330-03;VIA BAIRRO MINEIRAO
1682;330-04;R. F. PITANGUEIRA/INDEPENDENCIA
1683;330-05;R. FLOR PITANGUEIRA/ MINEIRÃO
2575;330-06;EST.BAR/INDEPEND. - EXPRESSO
2576;330-07;INDEPENDENCIA/ESTAÇÃO BARREIRO
6078;330-08;R. F. PITANGUEIRA/RET.EXPRESSO
899;33-01;EST.BARREIRO/CENTRO- PARADORA
288;3301A-01;SANTA TEREZINHA
6254;3301A-03;ATENDIMENTO CARNAVAL
290;3301B-01;CASTELO
1058;3301B-02;VIA BAIRRO SANTANA
6384;3301B-03;ATENDIMENTO CARNAVAL
6383;3301B-04;VIA SANTANA: CARNAVAL
900;33-02;ESTAÇÃO BARREIRO/ CENTRO- HOSPITAIS
292;3302A-01;NOVA PAMPULHA VIA ITAMARATI
293;3302A-03;VIA HOSPITAIS
294;3302A-04;NOVA PAMPULHA VIA ITAMARATI
2182;3302A-05;NOVA PAMPULHA VIA ITAMARATI / RG ÁREA CENTRAL
2183;3302A-06;NOVA PAMPULHA VIA ITAMARATI / CT ÁREA CENTRAL
2974;3302A-07;NOVA PAMPULHA VIA ITAMARATI PARTIDA R. PETROPOLIS
5821;3302A-08;NOVA PAMPULHA / CENTRO
6255;3302A-09;VIA HOSPITAIS: CARNAVAL
6381;3302A-10;ATENDIMENTO CARNAVAL
296;3302B-01;TANCREDO NEVES VIA ITAMARATI
297;3302B-02;TANCREDO NEVES VIA ITAMARATI
5822;3302B-03;BRAUNAS / CENTRO
6379;3302B-04;ATENDIMENTO CARNAVAL
6378;3302B-05;HOSPITAIS CARNAVAL
299;3302D-01;BRAUNAS
2294;3302D-02;CÉU ANIL RG ÁREA CENTRAL
2295;3302D-03;CT NA ÁREA CENTRAL
6419;3302D-04;ATENDIMENTO CARNAVAL
6374;3302D-05;HOSPITAIS CARNAVAL
901;33-03;ESTAÇÃO BARREIRO/ CENTRO- HOSPITAIS
902;33-04;ESTAÇÃO BARREIRO/ CENTRO- HOSPITAIS
997;33-05;EST.BARREIRO/CENTRO - DIRETA
1742;33-06;DIRETA - RETORNO NA RUA DA BAHIA
6266;33-07;ATENDIMENTO CARNAVAL
936;331-01; EST.BARR./CONJ.TEIXEIRA DIAS-UPA
974;331-02;NOTURNO
1686;331-03;VIA PUC BARREIRO
938;332-01; EST.BARR./MILIONARIOS-BONSUCESSO
4836;332-02;PARTIDAS- R. DR. CRIST. REZENDE
940;333-01;BOM SUCESSO / MILIONARIOS / ESTAÇÃO BARREIRO
942;334-01;BAIRRO MINEIRÃO / ESTAÇÃO BARREIRO
911;3350-01;EST. BARREIRO/ EST. DIAMANTE
1319;335-01;ESTAÇÃO BARREIRO/LINDÉIA
2186;336-01;HOSP.EDU.MENEZES/VILA BERNADETE
3914;336-02;VIA ESC. M. B. TRINDADE- MANHÃ
3915;336-03;VIA ESC. M. B. TRINDADE- TARDE
3997;337-01;EST. BARREIRO / ITAIPU
7559;338-01;PRINCIPAL
4015;340-01;EST. BARR./VILA MANGUEIRA
4016;340-02;ATENDIMENTO AO SETOR INDUSTRIAL JATOBÁ IV
6698;340-03;ATENDIMENTO AO C.S. MANGUEIRAS
970;34-01;EST. BARREIRO / VIA EXPRESSA 
971;34-02;EST. BARREIRO / VIA EXPRESSA 
3995;341-01;EST.BARR./EST.DIAM.-VIA SAÚDE
5256;341-02;PARTIDAS DA EST.DIAMANTE
3999;342-01;EST.BARR./SOLAR VIA EST.DIAMANTE  
4000;342-02;NOTURNO VIA BRASIL INDUSTRIAL
4001;342-03;PARTIDAS DA RUA LUIZ PONGELUPE
4002;342-04;ATENDIMENTO AO BAIRRO SOLAR
301;350-01;TIROL/BARREIRO
987;35-01;EST. BARREIRO/ CENTRO
755;3501A-01;PRINCIPAL
756;3501A-04;JARDIM ALVORADA/SAO MARCOS
1602;3501A-05;VIA CONDOMINIO FAZENDA DA SERRA
2360;3501A-06;RETORNO EXPRESSO
3419;3501A-07;JARDIM ALVORADA/SAO MARCOS
3420;3501A-08;JARDIM ALVORADA/SAO MARCOS- ATEND. COND.FAZ. SERRA
3421;3501A-09;JARDIM ALVORADA / SÃO MARCOS RETORNO EXPRESSO
3719;3501A-10;VIA EST. JOSE CANDIDO
3718;3501A-11;VIA FAZ. DA SERRA E EST. JOSE CANDIDO
4614;3501A-12;VIA FERNAO DIAS
6336;3501A-13;ATENDIMENTO CARNAVAL
6337;3501A-14;VIA EST. JOSÉ C. CARNAVAL
6338;3501A-15;F.SERRA E EST.J.CAND.- CARNAVAL
6339;3501A-16;VIA FERNÃO DIAS  CARNAVAL
6372;3501A-17;FAZENDA DA SERRA - CARNAVAL
303;3501B-01;OURO PRETO 3A GLEBA/BAIRRO IPE VIA JD. MONTANHES
3434;3501B-03;OURO PRETO 3A GLEBA/BAIRRO IPE VIA JD. MONTANHES
6340;3501B-04;ATENDIMENTO CARNAVAL
3735;35-02;PARADORA-VIA SINF. BROCHADO
305;3502-01;OURO PRETO/SAO GABRIEL
1040;3502-02;OURO PRETO/SAO GABRIEL
3362;3502-03;OURO PRETO/SAO GABRIEL
6364;3502-04;ATENDIMENTO CARNAVAL
307;3503A-01;SANTA TEREZINHA/SAO GABRIEL
308;3503A-02;NOTURNO
309;3503A-03;PARTIDAS DO OURO MINAS
310;3503A-05;SANTA TEREZINHA/SAO GABRIEL
1307;3503A-06;VIA PÇA DIVINA PASTORA
3318;3503A-07;SANTA TEREZINHA/SAO GABRIEL
3319;3503A-08;SANTA TEREZINHA/SAO GABRIEL ATEND NOT B OURO MINAS
3320;3503A-09;SANTA TEREZINHA/SAO GABRIEL ATEND BAIRRO OURO MINA
3321;3503A-10;SANTA TEREZINHA/SAO GABRIEL ATEND PCA DIV PASTORA
6341;3503A-11;ATENDIMENTO CARNAVAL
6342;3503A-12;NOTURNO CARNAVAL
6343;3503A-13;OURO MINAS CARNAVAL
6370;3503A-14;VIA PÇA. DIVINA PASTORA - CARNAVAL
951;4000-01;EST. BARREIRO STA MARGARIDA
1202;4001-01;LINHA DE BLOQUEIO ESTAÇÃO BARREIRO
1216;4001-02;LINHA DE BLOQUEIO ESTAÇÃO BARREIRO
1217;4001-03;LINHA DE BLOQUEIO ESTAÇÃO BARREIRO
1218;4001-04;LINHA DE BLOQUEIO ESTAÇÃO BARREIRO
1219;4001-05;LINHA DE BLOQUEIO ESTAÇÃO BARREIRO
1239;4001-06;LINHA DE BLOQUEIO ESTAÇÃO BARREIRO ACESSO LOJAS
3494;4001-07;LINHA DE BLOQUEIO BARREIRO DOMINGO
3495;4001-08;LINHA DE BLOQUEIO BARREIRO DOMINGO
3496;4001-09;LINHA BLOQUIO BARREIRO DOMINGO
3497;4001-10;LINHA BLOQUIEO BARREIRO DOMINGO
1215;4002-01;ESTAÇAO BARREIRO
1301;4002-02;ESTAÇÃO BARREIRO SAÍDA / ACESSO SHOPPING
4636;4003-01;ESTAÇÃO BARREIRO SAÍDA / ACESSO SHOPPING
4639;4004-01;LINHA DE BLOQUEIO ESTAÇÃO BARREIRO ACESSO LOJAS
312;401-01;METRO CID.INDUSTRIAL/S.MARIA
313;401-03;VIA VILA DOS ESPORTES
315;402-01;METRO CID.INDUST./ CAMARGOS
316;402-03;VIA R. SILEX - MANHÃ
317;402-04;VIA R. SILEX - TARDE
318;402-05;VIA SANTA MARIA
319;402-06;VIA RUA SILEX - SAB. E DOM.
324;4030-02;JARDIM FILADELFIA VIA NOVO GLORIA
321;403-01;ESTACAO GAMELEIRA / CALIFORNIA VIA PUC
322;403-02;ESTACAO GAMELEIRA / CALIFORNIA VIA PUC
962;4031-01;SANTA MARIA / HOSPITAIS
6246;4031-02;ATENDIMENTO CARNAVAL
326;4032-01;CAICARA /SAVASSI/ PCA. DA LIBERDADE
327;4032-02;CAICARA /SAVASSI/ PCA. DA LIBERDADE
1762;4032-03;CAICARA /SAVASSI/ RETORNO PCA. DA LIBERDADE
6278;4032-04;ATENDIMENTO CARNAVAL
329;4033-01;CAMARGOS/CENTRO
863;4033-02;CAMARGOS/CENTRO
1068;4033-03;VIA CONJ. ALDEIAS DA SERRA
6279;4033-04;ATENDIMENTO CARNAVAL
331;4034-01;NOVO DOM BOSCO / SAVASSI VIA PADRE EUSTAQUIO
332;4034-02;NOVO DOM BOSCO / SAVASSI VIA PADRE EUSTAQUIO
857;4034-03;NOVO DOM BOSCO / SAVASSI VIA PADRE EUSTAQUIO
859;4034-04;NOVO DOM BOSCO/SAVASSI VIA PADRE EUSTAQUIO
1073;4034-05;NOVO DOM BOSCO/SAVASSI VIA PADRE EUSTAQUIO
1075;4034-06;NOVO DOM BOSCO/SAVASSI VIA PADRE EUSTAQUIO
3034;4034-07;VIA CONJ. FILADELFIA- RETORNO EXPRESSO
3035;4034-08;NOVO DOM BOSCO/SAVASSI VIA P. E. RET. EXPR. NÃO AT
4398;4034-09;ATENDIMENTO CONJUNTO FILADELFIA
4399;4034-10;VIA NOVO DOM BOSCO E CONJ. FILADELFIA
6280;4034-11;N.D.BOSCO CONJ FILAD CARNAVAL
6460;4034-12;ATENDIMENTO CARNAVAL
8058;4034-13;VIA CENTRO SAÚDE CALIFÓRNIA
5295;4036-01;CALIFÓRNIA/CENTRO
5716;4037-01;NOSSA SENHORA DA GLÓRIA / CENTRO
6281;4037-02;ATENDIMENTO CARNAVAL
6878;4037-03;ATENDIMENTO DOMINGO/FERIADOS
2816;404-01;JARDIM ALVORADA /  AV.DOM PEDRO II
5297;405-01;CALIFÓRNIA/ESTAÇÃO GAMELEIRA
5706;406-01;EST.S.JOSÉ/PINDORAMA-N.S.GLÓRIA
734;4102-01;APARECIDA/SERRA
735;4102-02;APARECIDA/SERRA - DESVIO FEIRA AFONSO PENA
2434;4102-03;APARECIDA / CENTRO / APARECIDA
5896;4102-04;APARECIDA/CENTRO DESVIO FEIRA AV. AFONSO PENA
6211;4102-05;APARECIDA/CENTRO CARNAVAL
6418;4102-06;ATENDIMENTO CARNAVAL
334;4103-01;APARECIDA/MANGABEIRAS
335;4103-02;APARECIDA/MANGABEIRAS-DESVIO FEIRA AFONSO PENA
2074;4103-05;APARECIDA / MANGABEIRAS
4736;4103-06;VIA AMR
6208;4103-07;ATENDIMENTO CARNAVAL
7378;4103-08;VIA PRAÇA DA BANDEIRA
7700;4103-09;RETORNO PARQUE DAS MANGABEIRAS
7701;4103-10;RETORNO PQ MANGABEIRAS VIA PCA BANDEIRA
7498;4103-11;VIA PRAÇA DA BANDEIRA-CARNAVAL
7679;4103-12;RETORNO NO PARQUE DAS MANGABEIRAS
7680;4103-13;RETORNO PQ DAS MANGABEIRAS VIA PCA DA BANDEIRA
337;4106-01;SAO CRISTOVAO/SANTO ANTONIO
338;4106-02;SAO CRISTOVAO/STO ANTONIO-DESVIO FEIRA  AF.PENA
6206;4106-03;ATENDIMENTO CARNAVAL
340;4107-01;ALTO CAICARA/SERRA
341;4107-02;ALTO CAICARA/SERRA
3363;4107-04;ALTO CAIÇARA/SERRA
4696;4107-06;ATENDIMENTO AOS DOMINGOS E FERIADOS
6204;4107-07;ATENDIMENTO CARNAVAL
6371;4107-08;VIA CARLOS ETIENE-CARNAVAL
343;4107R-01;SERRA/CENTRO VIA HOSPITAL EVANGELICO
796;4107R-02;SERRA/CENTRO VIA HOSPITAL EVANGELICO
889;4107R-03;SERRA/ CENTRO VIA HOSPITAL EVANGELICO
966;4107R-04;SERRA/CENTRO VIA HOSPITAL EVANGELICO
963;4107R-05;SERRA/CENTRO VIA HOSPITAL EVANGELICO
964;4107R-06;SERRA/CENTRO VIA HOSPITAL EVANGELICO
965;4107R-07;SERRA/CENTRO VIA HOSPITAL EVANGELICO
345;4108-01;PEDRO II / MANGABEIRAS
346;4108-02;PEDRO II / MANGABEIRAS
3364;4108-03;PEDRO II / MANGABEIRAS
5979;4108-04;VIA RUA VILA RICA
6215;4108-05;ATENDIMENTO CARNAVAL
6373;4108-06;RUA VILA RICA CARNAVAL
737;4110-01;DOM CABRAL/FAC. MILTON CAMPOS VIA BELVEDERE
2856;4110-03;PARTIDAS DA AVENIDA OLEGÁRIO MACIEL 
2857;4110-04;DOM CABRAL/FAC. MILTON CAMPOS - RG ÁREA CENTRAL
3365;4110-05;DOM CABRAL/FAC. MILTON CAMPOS VIA BELVEDERE
6216;4110-06;ATENDIMENTO CARNAVAL
7958;4110-07;RETORNO TREVO DO BIOCOR
739;4111-01;PRINCIPAL
740;4111-02;DESVIO FEIRA DA AV.AFONSO PENA/AV.BANDEIRANTES
741;4111-03;ATENDIMENTO A ESCOLA GUINARD
1582;4111-04;RETORNO NA PRACA DO PORTO
1583;4111-05;DESVIO FEIRA DA AV.AFONSO PENA/RETORNO PCA PORTO
2635;4111-06;DOM CABRAL/ANCHIETA - RET. RUA MONTES CLAROS
3366;4111-07;DOM CABRAL/ANCHIETA
3367;4111-08;DOM CABRAL/ANCHIETA ATEND ESCOLA GUINARD
3368;4111-09;DOM CABRAL/ANCHIETA
3369;4111-10;ATENDIMENTO CARNAVAL
6377;4111-11;RETORNO PÇA DO PORTO - CARNAVAL
6375;4111-12;ESCOLA GUINARD CARNAVAL
348;4113-01;BOM JESUS/BELVEDERE
349;4113-03;BOM JESUS/BELVEDERE
3370;4113-05;BOM JESUS/BELVEDERE
3371;4113-06;BOM JESUS/BELVEDERE
4856;4113-07;(BELVEDERE/CENTRO)
6219;4113-08;ATENDIMENTO CARNAVAL
6380;4113-09;FUND. TORINO  CARNAVAL
743;4114-01;BONFIM / CENTRO
744;4114-02;BONFIM / CENTRO
6220;4114-03;ATENDIMENTO CARNAVAL
351;4150-02;SHOPPING DEL REY/BH SHOPPING
2996;4150-03;SHOPPING DEL REY/BH SHOPPING-PART RUA HEITOR MENIN
353;4201-01;ALTO CAICARA/NOVA CINTRA
3372;4201-03;ALTO CAIÇARA/NOVA CINTRA
6221;4201-04;ATENDIMENTO CARNAVAL
7823;4201-05;DESVIO FEIRA AV.AFONSO PENA
6366;4201-06;ATENDIMENTO CARNAVAL
355;4205-01;ERMELINDA/SALGADO FILHO
6222;4205-03;ATENDIMENTO CARNAVAL
357;4403A-01;ZOOLOGICO VIA SERRANO
358;4403A-03;ZOOLOGICO VIA SERRANO
5319;4403A-05;RETORNO EXPRESSO
6256;4403A-06;ATENDIMENTO CARNAVAL
6257;4403A-07;NOTURNO: CARNAVAL
8098;4403A-08;VIA CENTRO SAÚDE CONFISCO
6367;4403B-05;ATENDIMENTO CARNAVAL
360;4403C-01;RESIDENCIAL SARANDI
6368;4403C-03;ATENDIMENTO CARNAVAL
362;4403D-01;URCA-CONFISCO
3536;4403D-03;VIA RESIDENCIAL SARANDI
6258;4403D-04;RESIDENCIAL SARANDI: CARNAVAL
6420;4403D-05;ATENDIMENTO CARNAVAL
364;4405-01;COQUEIROS
365;4405-03;COQUEIROS
366;4405-05;COQUEIROS
5957;4405-06;ATENDIMENTO NOTURNO
6250;4405-07;ATENDIMENTO CARNAVAL
6251;4405-08;HOSPITAIS_ R. ENEIDA: CARNAVAL
6252;4405-09;NOTURNO: CARNAVAL
368;4410-01;SERRANO
369;4410-02;SERRANO
370;4410-03;SERRANO
6253;4410-04;ATENDIMENTO CARNAVAL
372;4501-01;CALIFORNIA II / SAO PAULO
1441;4501-02;CALIFORNIA II / SAO PAULO - ATEND.  CALIFÓRNIA I
3295;4501-03;CALIFORNIA II / SÃO PAULO
3540;4501-04;CALIFORNIA II - CENTRO
6223;4501-05;ATENDIMENTO CARNAVAL
6225;4501-06;CALIFÓRNIA II/ CENTRO CARNAVAL
374;4801A-01;JARDIM FILADELFIA/BOA VISTA A
890;4801A-02;VIA R. IRACI - NOVO GLORIA
3322;4801A-03;JARDIM FILADELFIA/BOA VISTA A
3323;4801A-04;JARDIM FILADELFIA/BOA VISTA A ATEND R ARACI E B NO
6345;4801A-05;ATENDIMENTO CARNAVAL
6346;4801A-07;R. IRACI N. GLORIA  CARNAVAL
376;4802A-01;PINDORAMA/BOA VISTA
377;4802A-02;PINDORAMA/BOA VISTA
378;4802A-03;PINDORAMA/BOA VISTA - ATEND. JARDIM FILADÉLFIA
1822;4802A-04;PINDORAMA/BOA VISTA VIA RUA ALINE
2374;4802A-05;PINDORAMA / BOA VISTA - INVERSÃO DE PC
3435;4802A-06;PINDORAMA/BOA VISTA
3436;4802A-07;PINDORAMA/BOA VISTA - ATEND. JARDIM FILADÉLFIA
3437;4802A-08; INVERSÃO DE PC - BAIRRO PINDORAMA
6347;4802A-09;ATENDIMENTO CARNAVAL
6348;4802A-10;JARDIM FILADÉLFIA  CARNAVAL
6349;4802A-11;BAIRRO PINDORAMA CARNAVAL
7798;4802A-12;DESVIO FEIRA AV.AFONSO PENA
5559;50-01;EST. PAMPULHA/CENTRO-DIRETA
1196;5001-01;LINHA UEL - ESTAÇAO ELDORADO
1233;5001-02;LINHA UCL
6578;50-02;DIRETA AV. PARANA
1254;5002-01;LINHA UCI - ESTAÇÃO CIDADE INDUSTRIAL
6579;50-03;DIRETA AV. SANTOS DUMONT
1256;5003-01;LINHA UVO - ESTAÇÃO VILA OESTE
1258;5004-01;LINHA UGM - ESTAÇÃO GAMELEIRA
1260;5005-01;LINHA UCL - ESTAÇÃO CALAFATE
1252;5006-01;LINHA UCP - ESTAÇÃO CARLOS PRATES
1263;5007-01;LINHA ULG - ESTAÇÃO LAGOINHA
1266;5008-01;LINHA UCT - ESTAÇÃO CENTRAL
1269;5009-01;LINHA USE - ESTAÇÃO SANTA EFIGÊNIA
5483;50-10;LINHA TESTE MOVE - ANTONIO CARLOS
1272;5010-01;LINHA UST - ESTAÇÃO SANTA TERESA
1274;5011-01;LINHA UHF - ESTAÇÃO HORTO FLORESTAL
1277;5012-01;LINHA USI - ESTAÇÃO SANTA INÊS
1279;5013-01;LINHA UJC - ESTAÇÃO JOSÉ CÂNDIDO
1281;5014-01;LINHA UMS - ESTAÇÃO MINAS SHOPPING
1283;5015-01;LINHA USG -EST. SÃO GABRIEL ACESSO LESTE
1296;5015-02;LINHA USG -EST. SÃO GABRIEL LINHA BLOQUEIO OESTE
1297;5015-03;LINHA USG- EST. SÃO GABRIEL NIVEL EST. OESTE
1298;5015-04;LINHA USG- EST. SÃO GABRIEL  EST. OESTE 2º NIVEL
1285;5016-01;LINHA UPM - ESTAÇÃO PRIMEIRO DE MAIO
1287;5017-01;LINHA UWL - ESTAÇÃO WALDOMIRO LOBO
1289;5018-01;LINHA UFL - ESTAÇÃO FLORAMAR
1292;5019-01;LINHA UVL - ESTAÇÃO VILARINHO
382;5030-01;UFMG/CENTRO
383;5030-02;UFMG/CENTRO
384;5030-04;UFMG/CENTRO
380;503-01;EST.S.GABRIEL/APARECIDA/STA ROSA
6798;503-02;PARTIDAS DA EST.SÃO GABRIEL
386;5031-01;SUZANA/UNIVERSITARIO/PCA DA LIBERDADE
387;5031-02;SUZANA/UNIVERSITARIO - DESVIO FEIRA AFONSO PENA
6226;5031-03;ATENDIMENTO CARNAVAL
7121;5033-01;STA TEREZINHA/PÇA. DA LIBERDADE VIA TANC. NEVES 
7198;5033-02;ATENDIMENTO CARNAVAL
389;504-01;EST.S.GABRIEL/STA ROSA/APARECIDA
6799;504-02;PARTIDAS DA EST. SÃO GABRIEL
6125;5050-01;CIRCULAR PAMPULHA NOTURNO NOS MUSEUS
2895;505-01;CIRCULAR LAGOA DA PAMPULHA
2896;505-02;CIRCULAR LAGOA DA PAMPULHA
5322;506-01;VIA CASTELO E NOVO OURO PRETO
5323;506-02;VIA OURO PRETO E NOVO OURO PRETO
7018;506-03;VIA CASTELO
7019;506-04;VIA OURO PRETO
3700;507-01;OURO PRETO / SHOP. DEL REY
5563;510-01;EST.PAMPULHA/TREVO VIA GARÇAS
6800;510-02;PARTIDAS DA ESTAÇÃO PAMPULHA
6801;510-03;XANGRILA/ESTAÇÃO PAMPULHA
6802;510-04;ESTAÇÃO PAMPULHA/XANGRILA
5564;51-01;EST.PAMPULHA/CENTRO/HOSPITAIS
391;5101-01;SUZANA/CRUZEIRO
392;5101-02;SUZANA/CRUZEIRO - DESVIO FEIRA AV AFONSO PENA
6227;5101-03;ATENDIMENTO CARNAVAL
5566;51-02;NOTURNO
394;5102-01;UFMG/SANTO ANTONIO
395;5102-02;UFMG/SANTO ANTONIO
396;5102-03;UFMG/SANTO ANTONIO
397;5102-04;UFMG/SANTO ANTONIO
398;5102-05;UFMG/SANTO ANTONIO
878;5102-06;UFMG/ SANTO ANTONIO
879;5102-07;UFMG/ SANTO ANTONIO
880;5102-08;UFMG/ SANTO ANTONIO
2914;5102-09;UFMG/ SANTO ANTONIO - NÃO ATEND. CTO PEDAGÓGICO
2915;5102-10;UFMG/ SANTO ANTONIO - PART. PÇA DA LIBERDADE
6382;5102-11;ATENDIMENTO CARNAVAL
6385;5102-12;NÃO ATEND.UFMG  CARNAVAL
5976;51-03;DIRETA MANHÃ
6421;51-04;ATENDIMENTO CARNAVAL
7079;5104-01;PRINCIPAL
7080;5104-02;DESVIO FEIRA AV. AFONSO PENA
7081;5104-03;SUZANA/RETORNO PÇA LIBERDADE
7082;5104-04;SUZANA/RET.P. LIBERDADE-FEIRA
7083;5104-05;UNIVERSITÁRIO/RET.PÇA LIBERDADE
7200;5104-06;ATENDIMENTO CARNAVAL
7201;5104-07;SUZANA-RETORNO CARNAVAL
6538;51-05;DIRETA TARDE
5700;5106-01;BANDEIRANTES/BH SHOPPING
5701;5106-02;NOTURNO
5702;5106-03;DESVIO FEIRA AV. AFONSO PENA
5703;5106-04;NÃO ATEND. CLUBE BH 
5704;5106-05;NÃO ATEND.CLUBE BH/DESVIO FEIRA
6058;5106-06;ESTAÇÃO UFMG/SAVASSI
6431;5106-07;ATENDIMENTO CARNAVAL
7140;5107-01;PRINCIPAL
7480;5107-02;ATENDIMENTO CARNAVAL
5708;511-01;EST.SÃO JOSÉ/J.ALVORADA
6120;512-01;CIRCUITO PAMPULHA
5569;52-01;EST. PAMPULHA / AV. ANTONIO CARLOS
400;5201-01;DONA CLARA/BURITIS
952;5201-03;DONA CLARA/BURITIS
1525;5201-04;PART.RUA BOAVENTURA/BURITIS
2239;5201-05;PART.RUA CURITIBA/BURITIS 
2240;5201-06;BURITIS - CENTRO
2241;5201-07;DONA CLARA/BURITIS - PART.GARAGEM - RET. EXPRESSO
2243;5201-08;BURITIS / DONA CLARA -  RETORNO EXPRESSO
5783;5201-09;NOTURNO
5916;5201-10;PART. EST. SÃO FRANCISCO
6432;5201-11;ATENDIMENTO CARNAVAL
7119;5203-01;CASTELO/ESTRELA DO ORIENTE VIA MANACÁS
7203;5203-02;ATENDIMENTO CARNAVAL
5620;5250-01;EST. PAMPULHA / BETANIA
5624;5250-02;NOTURNO
5626;5250-03;VIA AREA CENTRAL
5996;5250-04;DIRETA/RETORNO CEFET I
6660;5250-05;ATENDIMENTO CARNAVAL
6681;5250-06;VIA ÁREA CENTRAL _CARNAVAL
3702;533-01;CASTELO/SHOP.DEL REY
3704;535-01;XANGRILÁ VIA ITAMARATI / SHOPPING DEL REY
6618;535-02;ATENDIMENTO ASPAC
402;5401-01;SAO LUIZ/DOM CABRAL
2714;5401-03;SAO LUIZ/DOM CABRAL - RETORNO CENTRO
3296;5401-04;SAO LUIZ/DOM CABRAL
5596;5401-05;VIA AL. DO IPE BRANCO
5635;5401-06;NOTURNO
6433;5401-07;ATENDIMENTO CARNAVAL
5819;55-01;CENTRO/ MINEIRÃO
6918;55-02;ESTAÇÃO PAMPULHA / MINEIRÃO
758;5502A-01;JARDIM VITORIA A
759;5502A-03;JARDIM VITORIA A - ATEND. POUSADA SANTO ANTONIO
2358;5502A-04;JARDIM VITORIA A / RETORNO EXPRESSO
3235;5502A-05;JARDIM VITORIA A / PARTIDA AV MAGENTA
3954;5502A-06;ATEND. NOTURNO POUSADA SANTO ANTONIO/VITÓRIA
5176;5502A-07;JARDIM VITÓRIA A - ATENDIMENTO VITORIA II
761;5502B-01;CAPITAO EDUARDO
1937;5502B-03;ATENDIMENTO RUA DAS MANGUEIRAS (MANHÂ)
1954;5502B-04;ATENDIMENTO RUA DAS MANGUEIRAS (TARDE)
1939;5502B-05;CAPITÃO EDUARDO / ATEND. SESC
2734;5502B-06;CAPITÃO EDUARDO / RETORNO EXPRESSO
4957;5502B-07;ATENDIMENTO AO CSESC (PT)
763;5502C-01;POUSADA SANTO ANTONIO
764;5502C-04;POUSADA SANTO ANTONIO
2196;5502C-05;POUSADA SANTO ANTONIO
2494;5502C-06;ATEND. BAIRRO VITÓRIA - VIA POUSADA (MANHÂ)
2495;5502C-07;ATEND. BAIRRO VITÓRIA - VIA POUSADA (TARDE)
2735;5502C-08;RETORNO EXPRESSO
6365;5502C-09;ATENDIMENTO CARNAVAL
6363;5502C-10;BAIRRO VITÓRIA - CARNAVAL: MANHÃ
6361;5502C-11;BAIRRO VITÓRIA - CARNAVAL: TARDE
7458;55-03;ESTAÇÃO BARREIRO / MINEIRÃO
404;5503A-02;GOIANIA A
405;5503A-03;NOTURNO
406;5503A-04;VIA VILA S. JORGE E EST. JOSÉ CANDIDO
407;5503A-06;VIA VILA SÃO JORGE
3717;5503A-07;VIA EST. JOSÉ CANDIDO
5220;5503A-08;RETORNO NO CENTRO
6259;5503A-09;NOTURNO: CARNAVAL
6260;5503A-10;VILA S. JORGE EST. JC: CARNAVAL
6261;5503A-11;EST. J. CÂNDIDO: CARNAVAL
6360;5503A-12;ATENDIMENTO CARNAVAL
6358;5503A-13;VIA VILA SÃO JORGE - CARNAVAL
409;5503B-02;GOIANIA B
6356;5503B-03;ATENDIMENTO CARNAVAL
7459;55-04;ESTAÇÃO VENDA NOVA / MINEIRÃO
7460;55-05;EST. RIO DE JANEIRO / MINEIRÃO
411;5505A-01;NAZARE
412;5505A-02;NAZARE
1242;5505A-03;NAZARE
1245;5505A-04;NAZARE
414;5505B-01;VISTA DO SOL
416;5506A-01;RIBEIRO DE ABREU
4976;5506A-02;RIBEIRO DE ABREU - RET. EXPRESSO (PORTAS FECHADAS)
6355;5506A-03;ATENDIMENTO CARNAVAL
418;5506B-01;RIBEIRO DE ABREU VIA CONJUNTO
4254;5506B-02;RIBEIRO DE ABREU / CENTRO
4255;5506B-03;CENTRO / RIBEIRO DE ABREU
420;5506C-01;PAULO VI VIA RIBEIRO DE ABREU
421;5506C-02;PAULO VI - ATENDIMENTO CONJ. RIBEIRO DE ABREU
1311;5506C-03;PAULO VI VIA RIBEIRO DE ABREU
423;5506D-01;RIBEIRO DE ABREU D
425;5507A-01;JARDIM GUANABARA A
426;5507A-02;JARDIM GUANABARA A
427;5507A-03;JARDIM GUANABARA A
2997;5507A-04;JARDIM GUANABARA A - CENTRO / RETORNO EXPRESSO
2998;5507A-05;JARDIM GUANABARA A - PARTIDAS AV PARANÁ
2999;5507A-06;JARDIM GUANABARA A  - CENTRO
766;5507B-01;FELICIDADE
429;5507C-01;JARDIM GUANABARA C
430;5507C-02;JARDIM GUANABARA C
1046;5508-01;AARÃO REIS VIA MINASLANDIA
1047;5508-02;AARÃO REIS VIA MINASLANDIA DESVIO FEIRA AV AFONSO 
1048;5508-03;AARÃO REIS VIA MINASLANDIA / CENTRO
1049;5508-04;AARÃO REIS VIA MINASLANDIA-PARTIDAS AV CONTORNO
432;5508A-01;MINASLANDIA VIA PRIMEIRO DE MAIO
434;5508B-01;AARAO REIS VIA PRIMEIRO DE MAIO
435;5508B-02;AARAO REIS VIA PRIMEIRO DE MAIO
436;5508B-03;AARAO REIS VIA PRIMEIRO DE MAIO
438;5513-01;JULIANA VIA ETELVINA CARNEIRO
439;5513-02;JULIANA VIA ETELVINA CARNEIRO
440;5513-03;JULIANA VIA ETELVINA CARNEIRO
2780;5513-04;JULIANA - CENTRO
2796;5513-05;JULIANA - PARTIDAS AV SANTOS DUMONT
992;5517-01;MINAS CAIXA / VIA SERRA VERDE
993;5517-02;MINAS CAIXA / VIA SERRA VERDE
994;5517-03;MINAS CAIXA / VIA SERRA VERDE
1464;5517-04;MINAS CAIXA / CENTRO
1465;5517-05;MINAS CAIXA/ VIA SERRA VERDE - PART. RUA GUAICURUS
2254;5517-06;MINAS CAIXA / VIA SERRA VERDE - RETORNO EXPRESSO
2255;5517-07;MINAS CAIXA / VIA S. VERDE PART. AV LEONTINO ALVES
2415;5517-08;MINAS CAIXA VIA SERRA VERDE
3075;5517-09;ATENDIMENTO CIDADE ADMI NISTRATIVA - C/B
3076;5517-10;ATENDIMENTO CIDADE ADMINISTRATIVA -  B/C
3894;5517-11;MINAS CAIXA/ CENTRO - RETORNO EXPRESSO            
442;5517A-01;MINAS CAIXA VIA SERRA VERDE A
444;5517B-01;MINAS CAIXA VIA SERRA VERDE B
446;5520A-01;SAO TOMAZ
448;5520B-01;HELIOPOLIS
450;5521A-01;SOLIMOES
452;5521B-01;LAJEDO
453;5521B-03;LAJEDO
455;5521C-01;NOVO AARAO REIS
456;5521C-03;NOVO AARAO REIS
458;5522A-01;MONTE AZUL
459;5522A-02;MONTE AZUL
461;5522B-01;CASAS POPULARES
463;5523A-01;CONJUNTO PAULO VI
464;5523A-02;CONJUNTO PAULO VI - ATEND. RUA SÃO JACINTO
465;5523A-03;CONJUNTO PAULO VI 
1028;5523A-04;CONJUNTO PAULO VI / CENTRO
1029;5523A-05;CONJUNTO PAULO VI / PARTIDAS AV CONTORNO
2594;5523A-06;CONJUNTO PAULO VI
4657;5523A-07;VISTA DO SOL - NAZARÉ / CENTRO
4716;5523A-08;RETORNO EXPRESSO PORTAS (PORTAS FECHADAS)
467;5523B-01;PAULO VI
469;5525A-01;BELMONTE
470;5525A-02;BELMONTE
472;5525B-01;PARQUE BELMONTE
474;5534-01;CONJUNTO ZILAH SPOSITO
475;5534-02;CONJUNTO ZILAH SPOSITO
3000;5534-03;CONJUNTO ZILAH SPOSITO /  CENTRO
3001;5534-04;CONJ. ZILAH SPOSITO /CENTRO ATEND. CONJ. UBIRAJARA
3002;5534-05;CONJ. ZILAH SPOSITO - PATIDAS AV SANTOS DUMONT
3003;5534-06; ZILAH SPOSITO/PART. AV SANTOS DUMONT AT.UBIRAJARA
4222;5534-07;CONJUNTO ZILAH SPOSITO / RUA DOS GUAICURUS
4223;5534-08;RUA DOS GUAICURUS / CONJUNTO ZILAH SPÓSITO
477;5537-01;SERRA VERDE
478;5537-02;SERRA VERDE
480;5540-01;JARDIM LEBLON VIA RIO BRANCO
797;5540-02;JARDIM LEBLON VIA RIO BRANCO
5675;5550-01;EST. PAMPULHA / EST.SÃO JOSÉ
5676;5550-02;EST.PAMPULHA/EST.SÃO JOSÉ
5677;5550-03;EST.PAMPULHA/EST.SÃO JOSÉ-NOTURNO
5515;6000-01;ACESSO ESTAÇÃO PAMPULHA
482;60-01;VENDA NOVA/CENTRO
5517;6001-01;LINHAS BLOQUEIO ESTAÇÃO PAMPULHA
483;60-02;VENDA NOVA/CENTRO
484;60-03;VENDA NOVA/CENTRO
3741;60-04;VENDA NOVA/CENTRO - VIA ESTAÇÃO VILARINHO
1403;6006-01;LINHA TOTEM METRÔ ESTAÇÃO CARLOS PRATES
1405;6007-01;LINHA TOTEM METRÔ ESTAÇÃO LAGOINHA
1407;6008-01;LINHA TOTEM METRÔ ESTAÇÃO CENTRAL
1409;6009-01;LINHA TOTEM METRÔ ESTAÇÃO SANTA EFIGÊNIA
486;601-01;JULIANA/NOVA YORK
3214;601-02;JULIANA/NOVA YORK - ATENDEMENTO À  ANTENA
3215;601-03;JULIANA/NOVA YORK - NÃO ATEND. EST. VILARINHO     
5116;601-04;RETORNO ESTAÇÃO VILARINHO - PICO DA MANHÃ
5117;601-05;PARTIDAS DA ESTAÇÃO VILARINHO - PICO DA TARDE
8025;6014-01;CÉU AZUL/CENTRO
8039;6017-01;PIRATININGA VIA RIO BRANCO/CENTRO
8029;6018-01;RIO BRANCO VIA JARDIM LEBLON/CENTRO
1865;6024-01;MARIA HELENA A / VIA AV CRISTIANO MACHADO
1867;6025-01;MARIA HELENA B / VIA ANTÔNIO CARLOS RET. EXPRESSO
1870;6027-01;MANTIQUEIRA / CENTRO VIA ANT. CARLOS RET. EXPRESSO
1882;6027-02;MANTIQUEIRA / CENTRO VIA C.MACHADO RET. EXPRESSO
2777;6027-03;MANTIQUEIRA - CENTRO
5817;6030-01;CID. ADMIN./SAVASSI- HOSPITAIS
6146;6030-02;CID.ADM./SAVASSI- VIA ANDRADAS
6143;6031-01;CIDADE ADMINISTRATIVA/CENTRO
8027;6032-01;MANTIQUEIRA/CENTRO
8033;6034-01;NOVA YORK VIA JD. DOS COMERCIÁRIOS/CENTRO
488;606-01;FLORAMAR/JARDIM EUROPA
768;607-01;EST.VILARINHO/ESPLENDOR 
769;607-02;PEDRA BRANCA/JAQUELINE
770;607-03;ESPLENDOR / JAQUELINE
2280;607-04;ESPLENDOR/JAQUELINE - RET. ESTAÇÃO VILARINHO
3736;607-05;ESTAÇÃO VILARINHO / ESPLENDOR
6861;607-06;PARTIDAS DA ESTAÇÃO VILARINHO
6862;607-07;ESPLENDOR/ESTAÇÃO VILARINHO
490;608-01;EST. VENDA NOVA/NOVA PAMPULHA
491;608-02;NOVA PAMPULHA/VENDA NOVA
1034;608-03;NOVA PAMPULHA/VENDA NOVA
5878;608-04;ESCOLA MARIA ANDRADE-NOVA PAMPULHA
7278;608-05;ESCOLA MARIA ANDRADE-VENDA NOVA
7279;608-06;PARTIDAS R. FRANCISCO ADOLFO VIANA
493;609-01;SERRA VERDE/SANTA MONICA
3014;609-02;CID. ADMIN-SENTIDO SERRA VERDE
3015;609-03;CID. ADMIN-SENTIDO STA MONICA
495;61-01;EST. VENDA NOVA/CENTRO-DIRETA
496;61-02;ESTACAO VENDA NOVA/CENTRO-DIRETA
497;61-03;ESTACAO VENDA NOVA/CENTRO-DIRETA
498;61-04;ESTACAO VENDA NOVA/CENTRO-DIRETA
1684;61-05;ATENDIMENTO À ESTACAO SÃO GABRIEL - PARADORA
1685;61-06;ESTACAO VENDA NOVA/CENTRO-DIRETA/NOT.SÃO GABRIEL
1782;61-07;ATEND. TERM. AARÃO REIS-DIRETA AREA CENTRAL 
1783;61-08;EST. VENDA NOVA/TERM.AARÃO REIS - AV PARANÁ   
1784;61-09;EST. VENDA NOVA / RETORNO TERM. AARÃO REIS 
1785;61-10;EST. VENDA NOVA / RETORNO TERM. AARÃO REIS 
1786;61-11;EST. VENDA NOVA / AV PARANÁ
1787;61-12;EST. VENDA NOVA / AV PARANÁ
3539;61-13;ESTACAO VENDA NOVA/CENTRO VIA ANT. CARLOS-PARADORA
4214;61-14;R. AARÃO REIS / EST. V. NOVA-DIRETA  EST. V. NOVA
4215;61-15;EST V. NOVA / R. MATO GROSSO-DIRETA  AREA CENTRAL
500;613-01;CIRCULAR CEU ANIL
5567;614-01;EST. PAMPULHA/CÉU AZUL A
5570;614-02;NOTURNO
5584;614-03;PARTIDAS EST. PAMPULHA
5585;614-04;PARTIDAS RUA JOSE ROCHA PAIXAO
5587;614-05;DESVIO FESTA DE SÃO LÁZARO
6805;614-06;CÉU AZUL/ESTAÇÃO PAMPULHA
6806;614-07;ESTAÇÃO PAMPULHA/CÉU AZUL
5572;615-01;EST. PAMPULHA / CÉU AZUL B
5978;615-02;CÉU AZUL/ESTAÇÃO PAMPULHA
6864;615-03;PARTIDAS DA ESTAÇÃO PAMPULHA
7998;615-04;VIA RUA CARLOS LACERDA
7999;615-05;EST/BAIRRO/EST. VIA C. LACERDA
5574;616-01;EST. PAMPULHA / CÉU AZUL C
5575;616-02;NOTURNO
6808;616-03;PARTIDAS DA ESTAÇÃO PAMPULHA
6858;616-04;CÉU AZUL/ESTAÇÃO PAMPULHA
5602;617-01;EST. PAMP/PIRATININGA-VIA R.BRANCO
5603;617-02;NOTURNO
5977;617-03;PIRATININGA/ESTAÇÃO PAMPULHA
6865;617-04;PARTIDAS DA ESTAÇÃO PAMPULHA
5577;618-01;EST.PAMP/R.BRANCO-VIA JD LEBLON 
5578;618-02;NOTURNO
5600;618-03;PARTIDAS DO JARDIM LEBLON
6898;618-04;PARTIDAS DA ESTAÇÃO PAMPULHA
6998;618-05;RIO BRANCO/ESTAÇÃO PAMPULHA
5605;619-01;EST.PAMP/STA MÔNICA-STA BRANCA
5622;619-02;NOTURNO
5623;619-03;VIA R. VISCONDE DE TAUNAY
6818;619-04;SANTA MÔNICA/ESTAÇÃO PAMPULHA
7044;619-05;PARTIDAS DA ESTAÇÃO PAMPULHA
7398;619-06;ESTAÇÃO PAMPULHA/SANTA MÔNICA 
5607;620-01;EST.PAMP/STA MÔNICA-STA AMÉLIA
6809;620-02;PARTIDAS DA ESTAÇÃO PAMPULHA
6859;620-03;SANTA MÔNICA/EST. PAMPULHA
502;62-01;EST.VENDA NOVA/SAVASSI-HOSPITAIS
503;62-02;ESTACAO VENDA NOVA/SAVASSI VIA HOSPITAIS
798;62-03;PARQUE DA MANGABEIRAS
799;62-04;ESTACAO VENDA NOVA/SAVASSI VIA HOSPITAIS
979;62-05;ESTACAO VENDA NOVA/SAVASSI VIA HOSPITAIS
980;62-06;ESTACAO VENDA NOVA/SAVASSI VIA HOSPITAIS
1035;62-07;NOTURNO
1036;62-08;ESTACAO VENDA NOVA/SAVASSI VIA HOSPITAIS
4216;62-09;AV FRANCISCO SALES / ESTAÇÃO VENDA NOVA
4294;62-10;ESTAÇÃO VENDA NOVA / RUA PROFESSOR MORAES
505;621-01;EST. VENDA NOVA/LAGOA
506;621-02;LAGOA/ESTACAO VENDA NOVA
1523;621-05;PARTIDAS RUA J.SABINO MACIEL
6978;621-06;NOTURNO
7982;621-07;ESTAÇÃO VENDA NOVA  / LAGOA
4695;62-11;DIRETA - ESTAÇÃO VENDA NOVA / HOSPITAIS (TARDE)
5778;62-12;VIA EST. VILARINHO
6018;62-13;DIRETA
6144;62-14;EST. V. NOVA/SAVASSI - DIRETA
6422;62-15;ATENDIMENTO CARNAVAL
6423;62-16;PARQUE DAS MANGABEIRAS-CARNAVAL
6458;62-17;VIA VILARINHO - CARNAVAL
508;622-01;EST. VENDA NOVA/LAGOINHA
509;622-02;LAGOINHA/ESTACAO VENDA NOVA
510;622-05;LAGOINHA/ESTACAO VENDA NOVA
511;622-06;LAGOINHA/ESTACAO VENDA NOVA
1053;622-07;NOTURNO
513;623-01;EST.VENDA NOVA/VILA STA BRANCA
514;623-02;NOTURNO
516;624-01;EST. VENDA NOVA/MARIA HELENA A
517;624-02;NOTURNO
518;624-03;MARIA HELENA A/ESTACAO VENDA NOVA
519;624-04;MARIA HELENA A/ESTACAO VENDA NOVA
1802;624-05;MARIA HELENA A/ESTACAO VENDA NOVA
521;625-01;EST.VENDA NOVA/MARIA HELENA B
522;625-02;NOTURNO
523;625-03;MARIA HELENA B/ESTACAO VENDA NOVA
524;625-04;MARIA HELENA B/ESTACAO VENDA NOVA
526;626-01;LANDI VIA NOVA AMERICA/ESTACAO VENDA NOVA
527;626-02;NOTURNO
528;626-03;LANDI VIA NOVA AMERICA/ESTACAO VENDA NOVA
529;626-04;LANDI VIA NOVA AMERICA/ESTACAO VENDA NOVA
530;626-05;PARTIDAS DA R.EDMAR COLINI
1917;626-06;EST.V.NOVA/ESPLENDOR-N. AMERICA
2435;626-07;LANDI VIA NOVA AMÉRICA/ESTAÇÃO VENDA NOVA
2436;626-08;ESTAÇÃO VENDA NOVA/ ESPLENDOR - VIA NOVA AMERICA
6899;626-09;PARTIDAS DA ESTAÇÃO VENDA NOVA
6900;626-10;ESPLENDOR/ESTAÇÃO VENDA NOVA
532;627-01;MANTIQUEIRA/ESTACAO VENDA NOVA
533;627-02;NOTURNO
534;627-03;MANTIQUEIRA/ESTACAO VENDA NOVA
535;627-04;MANTIQUEIRA/ESTACAO VENDA NOVA
944;627-05;MANTIQUEIRA / ESTAÇÃO VENDA NOVA
1918;627-06;EST. VENDA NOVA / MANTIQUEIRA
537;628-01;NOVA YORK/ESTACAO VENDA NOVA
539;629-01;JARDIM DOS COMERCIARIOS/ESTACAO VENDA NOVA
544;630-01;EST.VILAR/S.VERDE- AV.SALAMANCA
1974;630-02;SERRA VERDE/ESTACAO VENDA - ATENDIMENTO AO CANAA
541;63-01;EST.VENDA NOVA/LAGOINHA
542;63-02;RETORNO NO VIADUTO SÃO FRANCISCO
4658;63-03;ESTACAO VENDA NOVA/RUA PEÇANHA
4659;63-04;RUA PEÇANHA / ESTACAO VENDA NOVA
5736;63-05;CENTRO VIA EST. VILARINHO
5737;63-06;NOTURNO
6424;63-07;CENTRO-ATENDIMENTO CARNAVAL
7204;63-08;ATENDIMENTO SABADO DE CARNAVAL
7598;63-09;VIA ESTAÇÃO VILARINHO
546;631-01;EST.VILAR. / S. VERDE- MINAS CAIXA
1976;631-02;ATEND. AO CANAA
548;633-01;EST. VILARINHO/JD COMERCIARIOS
1030;633-02;NOTURNO
3737;633-03;EST.VILARINHO/J. COMERCIÁRIOS- VIA EST. VENDA NOVA
1905;634-01;EST.VILAR/N. YORK- J. COMERCIÁRIOS
1919;634-02;NOVA  YORK/PART. E.VENDA NOVA VIA  J. COMERCIÁRIOS
4334;634-03;ESTAÇÃO VILARINHO / RUA LUCI LÉLIS
5784;634-04;ATENDIMENTO A ANTENA
5785;634-05;VIA ESTAÇÃO VENDA NOVA
7038;634-06;NOVA YORK/ESTAÇÃO VILARINHO
7039;634-07;NOVA YORKI/ESTAÇÃO VIA ANTENA
7040;634-08;PARTIDAS DA ESTAÇÃO VILARINHO
7042;634-09;NOVA YORK/ESTAÇÃO.VILARINHO VIA EVN 
7043;634-10;PARTIDAS EST VILARINHO VIA EVN
4023;6350-01;EST.VILAR./EST.BARREIRO-VIA ANEL
8078;6350-02;RETORNO AV. TANCREDO NEVES/PEDRO II
1907;635-01;JARDIM COMERCIÁRIOS / ESTAÇÃO VENDA NOVA
1920;635-02;EST.VILAR./J. DOS COMERCIÁRIOS C
2197;635-03;JARDIM COMERCIÁRIOS / ESTAÇÃO VENDA NOVA
3742;635-04;ESTAÇÃO VILARINHO / JARDIM COMERCIÁRIOS C
4335;635-05;ESTAÇÃO VILARINHO / RUA PEDRA TURMALINA
1909;636-01;JARDIM EUROPA / ESTAÇÃO VENDA NOVA
1921;636-02;EST. VILARINHO / JARDIM EUROPA 
2198;636-03;JARDIM EUROPA / ESTAÇÃO VENDA NOVA
3743;636-04;ESTAÇÃO VENDA NOVA / JARDIM EUROPA
4095;636-05;ESTAÇÃO VILARINHO / RUA BENEDITO ANICETO OLIVEIRA
4354;636-06;EST. VENDA NOVA / JARDIM EUROPA VIA B. CENÁCULO   
4355;636-07;ESTAÇÃO VILARINHO / JARDIM EUROPA VIA B. CENÁCULO
4655;636-08;EST. VENDA NOVA/JD. EUROPA VIA CENÁCULO PICO MANHÃ
4656;636-09;EST. VENDA NOVA/JD. EUROPA VIA CENÁCULO PICO-TARDE
7980;636-10;ESTAÇAOVILARINHO / JARDIM EUROPA
1863;637-01; EST.VILARINHO/CANAÃ-  S. VERDE
1922;637-02;CANAÃ / ESTAÇÃO VILARINHO - PART. SERRA VERDE
1994;637-03;ESTAÇÃO VILARINHO / SERRA VERDE - PICO TARDE
2417;637-04;EST.VILARINHO/CANAÃ  VIA MG 10
3114;637-05;ATENDIMENTO CIDADE ADMINISTRATIVA
3738;637-06;ESTAÇÃO VILARINHO / SERRA VERDE
4096;637-07;EST.VILARINHO/R.LUANDA- CANAÂ
3749;638-01;EST. VILARINHO / MINAS CAIXA
4114;638-02;ESTAÇÃO VILARINHO / RUA EDGAR TORRES
3706;639-01;BRAUNAS / SHOPPING DEL REY
1911;640-01;EST. V.NOVA/J.LEBLON-RIO BRANCO 
1923;640-02;ESTAÇÃO VENDA NOVA/JARDIM LEBLON VIA RIO BRANCO
550;64-01;EST.V.NOVA/ASSEMB.VIA CARLOS LUZ
551;64-02;ESTACAO VENDA NOVA/SANTO AGOSTINHO V.CARLOS LUZ
552;64-03;RETORNO AV. DOM PEDRO II
553;64-04;ESTACAO VENDA NOVA/SANTO AGOSTINHO V.CARLOS LUZ
800;64-05;ESTAÇÃO VENDA NOVA / ASSEMBLEIA -  VIA CARLOS LUZ
801;64-06;ESTACAO VENDA NOVA/SANTO AGOSTINHO V.CARLOS LUZ
983;64-07;EST. VENDA NOVA / ASSEMBLEIA - DESVIO FEIRA AUT.
984;64-08;EST. VENDA NOVA/STO AGOSTINHO - DESVIO FEIRA AUT.
3774;64-09;VIA EST. VILARINHO
3775;64-10;ZOOLÓGICO
3896;641-01;EST. VILARINHO / SERRA VERDE
4116;641-02;ESTAÇÃO VILARINHO / RUA GUIDO LEÃO
6819;641-03;PARTIDAS DA ESTAÇÃO VILARINHO
6820;641-04;SERRA VERDE / ESTAÇÃO VILARINHO
4274;64-11;ESTAÇÃO VENDA NOVA / AV OLEGÁRIO MACIEL
4275;64-12;AV AUGUSTO DE LINHA / ESTAÇÃO VENDA NOVA
6680;64-13;ATENDIMENTO CARNAVAL
7599;64-14;VIA AV. BIAS FORTES
7618;64-15;VIA ESTAÇÃO VILARINHO-RETORNO AV.PEDROII 
6037;642-01;EST.VENDA NOVA/EST.VILARINHO/CID.ADMINISTRATIVA 
4194;642-02;EST.VENDA NOVA / EST.VILARINHO
5236;642-03;CID. ADMINISTRATIVA / EST. V. NOVA
6838;642-04;PARTIDAS DA ESTAÇÃO VENDA NOVA
6846;642-05;RETORNO SERRA VERDE
5580;643-01;EST.PAMP/COPACABANA-M.CARMELO 
6811;643-02;PARTIDAS DA ESTAÇÃO PAMPULHA
6860;643-03;COPACABANA/EST. PAMPULHA
5609;644-01;EST.PAMPULHA/SÃO JOÃO BATISTA
5610;644-02;NOTURNO
5611;644-03;PARTIDAS PÇA PEDRO A. MOREIRA
6866;644-04;PARTIDAS DA ESTAÇÃO PAMPULHA
6867;644-05;SÃO JOÃO BATISTA/EST. PAMPULHA
7979;644-06;ESTAÇAO PAMPULHA / SÃO JOÃO BATISTA
5583;645-01;EST.PAMP/STA MÔNICA-JD ATLÂNTICO
6821;645-02;PARTIDAS DA ESTAÇÃO PAMPULHA
3740;65-01;EST.VILAR./CENTRO-A.CARLOS/DIRETA
4174;65-02;ESTAÇÃO VILARINHO / PRAÇA DA ESTAÇÃO
4175;65-03;ATENDENDIMENTO  CIDADE ADMINITRATIVA - PICO MANHÃ
4176;65-04;ATENDIMENTO CIDADE ADMINISTRATIVA - PICO TARDE
5097;65-05;CENTRO/ESTAÇÃO VILARINHO - PICO MANHÃ
4514;66-01;EST. VILARINHO/CENTRO/HOSP/VIA C.MACHADO
4235;66-03;ATENDIMENTO CIDDADE ADMINISTRATIVA PICO TARDE
4236;66-04;RUA PROF. MORAES/CIDADE. ADM. - PICO MANHÃ
4237;66-05;CIDADE ADM. / RUA PROF MORAES - PICO TARDE
4664;66-06;ESTAÇÃO SÃO GABRIEL / SAVASSI
6145;66-07;EST. VILAR./CENTRO - DIRETA
6425;66-08;ATENDIMENTO CARNAVAL
4661;67-01;EST.VILAR./STO AGOST./AV.CARLOS LUZ
4662;67-02;AV. AUGUSTO DE LIMA / CIDADE ADM. - PICO MANHÃ 
4663;67-03;CIDADE ADM. / AV. OLEGÁRIO MACIEL - PICO TARDE
6426;67-04;ATENDIMENTO CARNAVAL
7138;67-05;RETORNO NA AV. DOM PEDRO II
5777;68-01;EST. VILARINHO / LAGOINHA
5671;7000-01;LINHAS ACESSO ESTAÇÃO VILARINHO
5673;7001-01;LINHAS BLOQUEIO ESTAÇÃO VILARINHO
555;701-01;GUARANI/ESTACAO MINAS SHOPPING
556;701-02;GUARANI/ESTACAO MINAS SHOPPING
8023;7015-01;MONTE AZUL/CENTRO
8138;7015-02;MONTE AZUL/RUA DOS CAETÉS
558;702-01;ESTAÇÃO VILARINHO/XODO-MARIZE VIA JD. GUANABARA
559;702-03;ESTAÇÃO SÃO GABRIEL/XODO-MARIZE
3714;702-04;XODO-MARIZE- ATEND. ESTAÇÃO SÃO GABRIEL
561;7030-01;GUARANI/CENTRO
1623;703-01;EST. SÃO GABRIEL/GUARANI A
563;7031-01;JULIO MARIA/CENTRO
8031;7037-01;JAQUELINE/CENTRO
5280;704-01;ESTAÇÃO SÃO GABRIEL / GUARANI
803;705-01;EST. SAO GABRIEL/SAO TOMAZ
804;705-02;ESTACAO SAO GABRIEL / RUA SAO LUIZ
805;705-03;PARTIDAS RUA SÃO LUIZ / ESTACAO SAO GABRIEL
5365;705-05;NOTURNO
6158;705-06;CENTRO ESP. MÉDICA - UNIFENAS
807;706-01;EST. SAO GABRIEL/ HELIOPOLIS
808;706-02;ESTACAO SAO GABRIEL / RUA NAIR PENTAGNA GUIMARÃES
5366;706-03;NOTURNO 
810;707-01;EST.SAO GABRIEL/JD GUANABARA
811;707-02;ESTACAO SAO GABRIEL / RUA  JOSÉ SOARES
5549;707-03;VIA VILA CLORIS E BAIRRO XODÓ
5658;707-04;RETORNO EXPRESSO
813;708-01;EST. SÃO GABRIEL / FELICIDADE
814;708-02;ESTACAO SAO GABRIEL / RUA EXPED. JESUS RAMOS
3675;709-01;EST. SÃO GABRIEL/TUPI
3681;710-01;EST. SÃO GABRIEL/PROVIDENCIA
844;711-01;EST. SAO GABRIEL/SOLIMOES
845;711-02;ESTACAO SAO GABRIEL / RUA IPÊ ROXO
2134;711-03;ESTACAO SAO GABRIEL/SOLIMOES -  PART. SETOR OESTE
5367;711-04;NOTURNO
5710;712-01;EST. PAMPULHA / SÃO BERNARDO
5711;712-02;NOTURNO
5731;712-03;RETORNO EXPRESSO - MANHÃ
5732;712-04;RETORNO EXPRESSO - TARDE
7918;712-05;SAO BERNARDO / EST. PAMPULHA
847;713-01;EST. SAO GABRIEL/LAJEDO
874;713-02;LAJEDO/ ESTAÇÃO SÃO GABRIEL
1190;713-03;NOTURNO
849;714-01;EST. S. GABRIEL/CASAS POPULARES
875;714-02;CASAS POPULARES/ ESTAÇÃO SÃO GABRIEL
851;715-01;EST. SAO GABRIEL / MONTE AZUL
2135;715-02;ESTAÇÃO SAO GABRIEL/MONTE AZUL - PART. SETOR OESTE
5376;715-03;NOTURNO
8438;715-04;VIA CENTRO SAUDE MG-020.
853;716-01;EST.S. GABRIEL/NOVO AARAO REIS
854;716-02;ESTACAO SAO GABRIEL / AV UM
2136;716-03;EST. SAO GABRIEL/NOVO AARAO REIS-PART. SETOR OESTE
5369;716-04;NOTURNO
5613;717-01;EST. PAMPULHA/CAMPO ALEGRE
5614;717-02;PRINCIPAL
5657;717-03;RETORNO EXPRESSO
6839;717-04;CAMPO ALEGRE / ESTAÇÃO PAMPULHA 
6840;717-05;PARTIDAS DA ESTAÇÃO PAMPULHA
5616;718-01;EST. PAMPULHA/PLANALTO
6841;718-02;PLANALTO/ESTAÇÃO PAMPULHA
6842;718-03;PARTIDAS DA ESTAÇÃO PAMPULHA
5619;719-01;EST. PAMPULHA/FLORAMAR
5621;719-02;NOTURNO
5656;719-03;RETORNO EXPRESSO
6901;719-04;FLORAMAR/ESTAÇÃO PAMPULHA
6902;719-05;PARTIDAS DA ESTAÇÃO PAMPULHA
3683;732-01;EST. SÃO GABRIEL/TUPI-FELICIDADE
3685;733-01;JARDIM GUANABARA / ESTAÇÃO SÃO GBRIEL
3687;734-01;EST.S.GABRIEL/A.REIS- MINASLÂNDIA
3753;735-01;EST. VILARINHO /  JULIANA   A
4135;735-02;ESTAÇÃO VILARINHO / RUA TIPUANA
3755;736-01;EST. VILARINHO / JULIANA  B
4117;736-02;ESTAÇÃO VILARINHO / RUA MARIA MARTINS
3757;737-01;EST.VILARINHO/JAQUELINE
4134;737-02;ESTAÇÃO VILARINHO / RUA AGENOR DE PAULA ESTRELA
5781;737-03;PARTIDAS - E.E. P.COMANDUCCI
6843;737-04;JAQUELINE/ESTAÇÃO VILARINHO
6844;737-05;PARTIDAS DA ESTAÇÃO VILARINHO
3745;738-01;EST.VILAR./CONJ. ZILAH SPÓSITO
4136;738-02;ESTAÇÃO VILARINHO / RUA ATANÁSIA DOS JARDINS
6845;738-03;CONJ.ZILAH SPOSITO/EST.VILARINHO
6847;738-04;PARTIDAS DA ESTAÇÃO VILARINHO
3747;739-01;EST.VILAR/JAQ. 2ª SEÇ-FREI LEOPOLDO
4137;739-02;ESTAÇÃO VILARINHO / RUA CARNAÚBA
5782;739-03;NOTURNO
6903;739-04;JAQUELINE/ESTAÇÃO VILARINHO
6904;739-05;PARTIDAS DA ESTAÇÃO VILARINHO
6760;740-01;TUPI-MIRANTE
3751;741-01;ESTAÇÃO VILARINHO / PLANALTO
7899;750-01;PRINCIPAL
816;80-01;ESTACAO SAO GABRIEL/AV.CRISTIANO MACHADO
565;8001A-01;ANA LUCIA/BH SHOPPING
566;8001A-02;DESVIO FEIRA AV. AFONSO PENA
2314;8001A-04;RETORNO AV. N. SENHORA DO CARMO
6350;8001A-05;ATENDIMENTO CARNAVAL
876;80-02;ESTAÇÃO SÃO GABRIEL / AV. CRISTIANO MACHADO
1722;80-03;EST. SÃO GABRIEL/RETORNO TÚNEL LAG.- SETOR LESTE
1723;80-04;ESTAÇÃO SÃO GABRIEL/ ATEND. CENTRO- SETOR LESTE
1883;80-05;ESTAÇÃO SÃO GABRIEL / PARTIDAS VISTA DO SOL
8021;8015-01;CONJUNTO PAULO VI/CENTRO 
570;8030-01;DOM SILVERIO/CENTRO
568;803-01;MARIA GORETTI/BELMONTE VIA EST.MINAS SHOPPING
572;805-01;SAO MARCOS/MINAS SHOPPING VIA FERNAO DIAS
1625;806-01;EST.S.GABRIEL/VISTA DO SOL-NAZARÉ
2137;806-02;EST. SÃO GABRIEL/VISTA DO SOL-VIA NAZARÉ/-S.OESTE
2355;806-03;ESTAÇÃO SÃO GABRIEL-PARTIDAS DA RUA SANTA SECONDA
3814;806-04;EST. SÃO GABRIEL/VISTA SOL- PART. R. AMÉRICO ALVES
4594;806-05;PARTIDA DA RUA SANTA SECONDA (RETORNO NA ESTAÇÃO)
5371;806-06;NOTURNO
1627;807-01;EST.S.GABRIEL/RIBEIRO DE ABREU A
2138;807-02;RIBEIRO DE ABREU/EST. SÃO GABRIEL-PART SETOR OESTE
5436;807-03;PARTIDAS DA EST. SÃO GABRIEL
1629;808-01;EST. SÃO GABRIEL/PAULO VI
2139;808-02;PAULO VI / ESTAÇÃO SÃO GABRIEL - PART. SETOR OESTE
2356;808-03;EST. SÃO GABRIEL/PAULO VI - PART RUA  WILSON SILVA
4534;808-04;PARTIDA DA RUA WILSON SILVA (RETORNO NA ESTAÇÃO)
4674;808-05;EST. SÃO GABRIEL/PAULO VI - PART. RUA DAS ALMAS
5076;808-06;PARTIDAS DA ESTAÇÃO COM RETORNO NA RUA DAS ALMAS
5856;808-07;VIA PARQUE REAL
1631;809-01; EST. SÃO GABRIEL/BELMONTE
2140;809-02; ESTAÇÃO SÃO GABRIEL/BELMONTE /-PART. SETOR OESTE
5372;809-03;NOTURNO
1633;810-01;EST.S.GABRIEL/PQ BELMONTE-D.SILVÉRIO
2141;810-02;EST. SÃO GABRIEL/PARQUE BELMONTE -VIA DOM SILVÉRIO
2357;810-03;PARTIDAS DA RUA DONA SILVA
5373;810-04;NOTURNO
5836;810-05;VIA PUC SÃO GABRIEL
3677;81-01;ESTAÇÃO SÃO GABRIEL / HOSPITAIS VIA FLORESTA
574;8101-01;SANTA CRUZ/ALTO SANTA LUCIA
3538;8101-03;SANTA CRUZ / CENTRO
6434;8101-04;ATENDIMENTO CARNAVAL
7238;8101-05;SANTA CRUZ / CENTRO_CARNAVAL
576;8102-01;UNIAO/CARMO SION
577;8102-02;UNIAO/CARMO SION - ATEND. PRÇA MIGUEL CHQUILOFF
5898;8102-04;UNIÃIO/CARMO SION - DESVIO FEIRA AV. AFONSO PENA
6230;8102-05;PÇA M. CHIQUILOFF- CARNAVAL
6387;8102-06;ATENDIMENTO CARNAVAL
579;8103-01;NOVA FLORESTA/SANTA LUCIA
580;8103-02;NOVA FLORESTA / SANTA LUCIA 
2184;8103-03;NOTURNO
3004;8103-04;NOVA FLORESTA/SANTA LUCIA - RETORNO ÁREA CENTRAL
6231;8103-05;ATENDIMENTO CARNAVAL
6232;8103-06;PRAÇA DO SOL: CARNAVAL
6233;8103-07;NOTURNO: CARNAVAL
7800;8103-08;DESVIO FEIRA AV.AFONSO PENA
582;8103R-01;SAO BENTO/CENTRO
583;8103R-02;SAO BENTO/CENTRO
817;8103R-03;SAO BENTO/CENTRO
818;8103R-05;SAO BENTO/CENTRO
585;8106-01;SANTA CRUZ/BH SHOPPING VIA BELVEDERE
586;8106-02;DESVIO FEIRA AV. AFONSO PENA
1310;8106-03;SANTA CRUZ/BH SHOPPING VIA BELVEDERE
6234;8106-04;ATENDIMENTO CARNAVAL
746;8107-01;CONCORDIA/SAO PEDRO
747;8107-02;CONCORDIA/SAO PEDRO - DESVIO FEIRA AV. AFONSO PENA
6235;8107-03;ATENDIMENTO CARNAVAL
588;8108-01;CIDADE NOVA/SAVASSI
5899;8108-02;CIDADE NOVA/SAVASSI - DESVIO FEIRA AV. AFONSO PENA
6238;8108-03;ATENDIMENTO CARNAVAL
1563;811-01;EST.S.GABRIEL/VISTA DO SOL - PUC
2414;811-02;PARTIDAS DA RUA VINTE E QUATRO
5196;811-03;EST. SÃO GABRIEL/VISTA DO SOL  - RETORNO EXPRESSO
3689;812-01;EST. SÃO GABRIEL / SÃO GABRIEL A
5538;813-01;EST.S.GABRIEL/PAULO VI-R.DE ABREU
5539;813-02;VIA CONJ. RIBEIRO DE ABREU
5541;814-01;EST. SÃO GABRIEL/ JARDIM VITÓRIA
5542;814-02;VIA POUSADA STO ANTÔNIO
5543;814-03;NOTURNO
7058;814-04;VIA R. HENRIQUETA LISBOA
7059;814-05;VIA POUSADA/R. HENRIQUETA LISBOA
590;8150-01;UNIAO/SERRA
6389;8150-02;ATENDIMENTO CARNAVAL
5477;815-01;EST. SÃO GABRIEL/CONJ. PAULO VI
5478;815-02;NOTURNO VIA RUA SÃO JACINTO
5876;815-03;EXPRESSO - ESTAÇÃO/BAIRRO
5877;815-04;CONJ.PAULO VI / ESTAÇÃO
5286;8151-01;EST. SÃO GABRIEL/BH SHOPPING VIA ANEL RODOVIÁRIO
5544;8151-02;PARTIDAS ESTAÇÃO SÃO GABRIEL
5545;8151-03;BH SHOPPING / ESTAÇÃO SÃO GABRIEL
5282;82-01;EST.S.GABRIEL/SAVASSI-VIA HOSPITAIS
6559;82-02;DIRETA
592;8203-01;RENASCENCA/BURITIS
1308;8203-02;RENASCENÇA/BURITIS
1315;8203-03;RENASCENÇA/BURITIS
2614;8203-04;NOTURNO
3374;8203-05;RENASCENÇA/BURITIS
3375;8203-06;RENASCENÇA/BURITIS ATENDIM. AV. DEP CRISTOVAM CHIA
4054;8203-07;VIA RUA BORBOREMA
4055;8203-08;RENASCENÇA/BURITIS AT AV DEP CRISTOVAM CHIAR/RUA B
5278;8203-09;ATENDIMENTO AO BURITIS II
6239;8203-10;ATENDIMENTO CARNAVAL
6391;8203-11;CRISTOVAM CHIARADIA CARNAVAL
6393;8203-12;BURITIS II CARNAVAL
594;8205-01;MARIA GORETTI/NOVA GRANADA
595;8205-02;VIA ALTO BARROCA
860;8205-03;DESVIO FEIRA DA SILVA LOBO
861;8205-04;DESVIO FEIRA DA SILVA LOBO VIA ALTO BARROCA
3534;8205-05;VIA BAIRRO SÃO PAULO
3535;8205-06;VIA BAIRRO SÃO PAULO E ALTO BARROCA
6240;8205-07;ATENDIMENTO CARNAVAL
6241;8205-08;VIA ALTO BARROCA: CARNAVAL
6242;8205-09;VIA BAIRRO S. PAULO: CARNAVAL
6282;8205-10;S.PAULO E A. BARROCA CARNAVAL
6394;8205-11;FEIRA SILVA LOBO CARNAVAL
6395;8205-12;FEIRA ALTO BARROCA CARNAVAL
597;8207-01;MARIA GORETTI/ESTRELA DALVA
1037;8207-02;MARIA GORETTI/ESTRELA DALVA
2214;8207-03;MARIA GORETTI / ESTRELA DALVA
2215;8207-04;MARIA GORETTI / ESTRELA DALVA
3376;8207-05;MARIA GORETTI/ESTRELA DALVA
6243;8207-07;ATENDIMENTO CARNAVAL
599;8208-01;SANTA CRUZ / UNI-ESTORIL
3005;8208-02;SANTA CRUZ / UNI-ESTORIL -PARTIDAS RUA CURITIBA
3006;8208-03;SANTA CRUZ / UNI-ESTORIL - PART. RUA CURITIBA
3377;8208-04;SANTA CRUZ/UNI-ESTORIL
6262;8208-05;ATENDIMENTO CARNAVAL
1643;821-01;EST. JOSÉ CÂNDIDO / GOIANIA
2195;822-01;EST. JOSÉ CÂNDIDO / VILA MARIA
2496;822-02;VIA AV. MAGENTA
3234;822-03;PARTIDAS R.PROF.WLADIMIR GOMES
3715;822-04;ATENDIMENTO A POUSADA SANTO ANTÔNIO
7619;822-05;ATENDIMENTO BAIRRO GOIANIA
7620;822-06;VIA AV. MARGENTA E GOIANIA
3835;823-01;EST. SÃO GABRIEL/BAIRRO VITÓRIA
3874;823-02;VIA EST. JOSÉ CÂNDIDO
5223;823-03;BAIRRO VITORIA II
601;8250-03;EST.DIAMANTE/CRISTIANO MACHADO VIA ANEL RODOVIARIO
602;8250-05;EST.DIAMANTE/CRISTIANO MACHADO VIA ANEL RODOVIARIO
603;8250-06;EST.DIAMANTE/CRISTIANO MACHADO VIA ANEL RODOVIARIO
604;8250-07;EST.DIAMANTE/CRISTIANO MACHADO VIA ANEL RODOVIARIO
6039;825-01;EST.S. GABRIEL/VITÓRIA II- UPA
5289;8251-01;ESTAÇÃO SÃO GABRIEL/VISTA ALEGRE VIA JACUÍ
6762;826-01;MONTES CLAROS/RUA SÃO RÔMULO
3695;832-01;EST. SÃO GABRIEL/CAP. EDUARDO
3696;832-02;RUA DAS MANGUEIRAS - MANHÃ
3697;832-03;RUA DAS MANGUEIRAS - TARDE
3698;832-04;VIA CSESC - MANHÃ
4956;832-05;VIA CSESC - TARDE
5548;832-06;NOTURNO
8118;832-07;VIA RUA DOS MOREIRAS/MANGUEIRAS
820;8350-01;EST.SAO GABRIEL/EST.BARREIRO
821;8350-02;EST.SAO GABRIEL/EST.BARREIRO
822;8350-03;ESTACAO SAO GABRIEL/ESTACAO BARREIRO
823;8350-04;ESTACAO SAO GABRIEL/ESTACAO BARREIRO
885;8350-05;ESTAÇÃO SÃO GABRIEL/ ESTAÇÃO BARREIRO
1063;8350-06;VIADUTO SÃO FRANCISCO / ESTACAO BARREIRO
2354;8350-07;DIRETA-AMAZONAS/SHOP. DEL REY
3054;8350-08;ESTAÇÃO  BARREIRO / AV BERNARDO VASCONCELOS
3379;8350-09;ESTACAO SAO GABRIEL/ESTACAO BARREIRO
3381;8350-10;ESTACAO SAO GABRIEL/ESTACAO BARREIRO PÇA MAGNESITA
3691;836-01;EST.S.GABRIEL/RIBEIRO DE ABREU B
3693;837-01;EST.S. GABRIEL/CONJ. R. DE ABREU
7739;838-01;EST.SÃO GABRIEL/PALMARES VIA MARIA VIRGÍNIA
5284;83D-01;EST.SÃO GABRIEL/CENTRO-DIRETA
5456;83D-02;EST.SÃO GABRIEL/CENTRO-DIRETA - PART. AV S. DUMONT
5356;83D-10;LINHA TESTE MOVE
5397;83P-01;EST.S.GABRIEL/CENTRO-PARADORA
5780;83P-02;HOSPITAIS
6778;83P-03;RETORNO NA ESTAÇÃO CARIJOS
606;8401-01;CACHOEIRINHA/SAO JOSE
1995;8401-03;CACHOEIRINHA/SAO JOSE-ATEND. RUA CORONEL ALVES
3934;8401-04;SÃO JOSÉ / CENTRO
6283;8401-05;ATENDIMENTO CARNAVAL
6461;8401-06;SAO JOSE/CENTRO - CARNAVAL
7799;8401-07;DESVIO FEIRA AV.AFONSO PENA
749;8405-01;PALMARES/BELA VISTA
3297;8405-02;PALMARES/BELA VISTA
6263;8405-03;ATENDIMENTO CARNAVAL
7801;8405-04;DESVIO FEIRA AV.AFONSO PENA
5547;85-01;EST.S.GABRIEL/CENTRO-VIA FLORESTA
608;8501-01;MARIA GORETTI/ENGENHO NOGUEIRA VIA OURO PRETO
3298;8501-02;MARIA GORETTI/ENGENHO NOGUEIRA VIA OURO PRETO
6264;8501-03;ATENDIMENTO CARNAVAL
6427;85-02;ATENDIMENTO CARNAVAL
3679;8550-01;EST.SÃO GABRIEL/ZOO-VIA EST.PAMP.
6940;8551-01;PRINCIPAL
4178;8650-01;ESTAÇÃO SÃO GABRIEL / CIDADE ADMINISTRATIVA
610;901-01;CIRCULAR LESTE
1231;901-02;CIRCULAR LESTE
2359;901-03;NÃO ATEND. PAM SAGRADA  FAMILIA
4756;901-04;RETORNO BAIRRO SAGRADA FAMILIA
6430;901-05;ATENDIMENTO CARNAVAL
7179;902-01;PRINCIPAL
772;9030-01;CASTANHEIRAS/CENTRO
773;9030-02;PARTIDAS DA RUA DOS CAETES
824;9030-03;CASTANHEIRAS/CENTRO
825;9030-04;CASTANHEIRAS/CENTRO
6285;9030-05;ATENDIMENTO CARNAVAL
7759;903-01;GRANJA DE FREITAS/TAQUARIL VIA ALTO VERA CRUZ
751;9031-01;NOSSA SENHORA DE FATIMA/CENTRO
1943;9031-02;CENTRO / RUA NOSSA SENHORA DE FÁTIMA 
1944;9031-03;NOSSA SENHORA DE FÁTIMA / CENTRO
6286;9031-04;ATENDIMENTO CARNAVAL
1942;9031R-01;NOSSA SENHORA DE FÁTIMA / SANTA EFIGÊNIA
612;9032-01;GRANJA DE FREITAS
1410;9032-02;VIA AV. MARZAGANIA
5277;9032-03;VIA RUA DINIZ DIAS
5897;9032-04;VIA AV. MARZAGANIA - DESVIO FEIRA AF. PENA
5903;9032-05;DESVIO FEIRA AFONSO PENA
5900;9032-06;VIA RUA DINIZ DIAS-DESVIO FEIRA
6287;9032-07;ATENDIMENTO CARNAVAL
4917;9033-01;CENTRO / ESTADIO INDEPENDENCIA
5216;9033-02;CENTRO/MINEIRÃO PARTIDA RUA RIO GRANDE DO SUL
5217;9033-03;CENTRO/MINEIRÃO PARTIDA AV. DO CONTORNO
5218;9033-04;TORCIDA DO ATLETICO CENTRO/MINEIRÃO
5219;9033-05;TORCIDA DO ATLETICO MINEIRÃO/CENTRO
7761;9034-01;TAQUARIL/CENTRO
7762;9034-02;DESVIO FEIRA AV. AFONSO PENA
614;9101-01;PRINCIPAL
615;9101-02;ALTO STA LUCIA- DESVIO FEIRA A.PENA      
3545;9101-03;ALTO SANTA LUCIA
6288;9101-04;ALTO SANTA LUCIA CARNAVAL
6396;9101-05;ATENDIMENTO CARNAVAL
617;9103-01;SANTA TERESA/SANTO ANTONIO
1069;9103-02;STA TERESA /STO ANTONIO-PONTO FINAL RUA LEOPOLDINA
5904;9103-03;DESVIO FEIRA AV. AFONSO PENA
6289;9103-04;ATENDIMENTO CARNAVAL
619;9104-01;SAGRADA FAMILIA/LUXEMBURGO
620;9104-02;SAGRADA FAMILIA/LUXEMBURGO- PONTO FINAL GUAICUI
2657;9104-04;SAGRADA FAMILIA / LUXEMBURGO - RETORNO EXPRESSO
6290;9104-05;ATENDIMENTO CARNAVAL
6439;9104-06;PF GUAICUI- CARNAVAL
7802;9104-07;DESVIO FEIRA AV.AFONSO PENA
622;9105-01;NOVA VISTA/SION
3542;9105-04;NOVA VISTA /  CENTRO
5902;9105-05;NOVA VISTA/CENTRO - DESVIO FEIRA AV AFONSO PENA
6291;9105-06;ATENDIMENTO CARNAVAL
6397;9105-07;ATENDIMENTO CARNAVAL
624;9106-01;SAGRADA FAMILIA/SERRA
625;9106-02;SAGRADA FAMILIA/SERRA DESVIO FEIRA AV. AFONSO PENA
6292;9106-04;ATENDIMENTO CARNAVAL
627;9201-01;BALEIA/NOVA GRANADA
858;9201-02;BALEIA/NOVA GRANADA
998;9201-03;BALEIA/NOVA GRANADA ATEND. UNIDADE ANTONIO MOURAO
999;9201-04;BALEIA/NOVA GRANADA
3382;9201-05;BALEIA/NOVA GRANADA
3474;9201-06;BALEIA/NOVA GRANADA AT. UNIDADE ANTONIO MOURAO
3575;9201-07;BALEIA/NOVA GRANADA DESVIO FEIRA AV. SILVA LOBO
6294;9201-08;ATENDIMENTO CARNAVAL
6399;9201-09;FEIRA SILVA LOBO CARNAVAL
629;9202-03;POMPEIA/JARDIM AMERICA
630;9202-04;DESVIO FEIRA AV. AFONSO PENA
631;9202-05;POMPEIA/JARDIM AMERICA
1299;9202-06;POMPEIA/JARDIM AMERICA
1300;9202-07;POMPEIA/ JARDIM AMERICA
3394;9202-08;POMPEIA/JARDIM AMÉRICA
3654;9202-09;POMPEIA/JARDIM AMERICA
6295;9202-10;ATENDIMENTO CARNAVAL
6718;9202-11;ENCERRA VIAGEM NO ESTORIL
6719;9202-12;PARTIDAS DO ESTORIL
7438;9202-13;VIA PÇA. ALBERTO T. DOS SANTOS
7481;9202-14;VIA PCA. ALBERTO T. DOS SANTOS-CARNAVAL 
633;9203-01;ESPLANADA / ESTORIL
634;9203-02;ESPLANADA / ESTORIL
636;9204-01;SANTA EFIGENIA/ESTORIL
637;9204-02;SANTA EFIGENIA/ESTORIL
3314;9204-03;SANTA EFIGENIA/ESTORIL
3543;9204-04;STA EFIGÊNIA/ESTORIL-DESVIO FEIRA  AV. AFONSO PENA
3544;9204-05;STA EFIGÊNIA / CENTRO 
3614;9204-06;STA EFIGÊNIA/CENTRO-DESVIO FEIRA  AV. AFONSO PENA
6296;9204-07;STA EFIGENIA/CENTRO CARNAVAL
6400;9204-08;ATENDIMENTO CARNAVAL
639;9205-01;NOVA VISTA/NOVA CINTRA
640;9205-02;NOVA VISTA/NOVA CINTRA
641;9205-03;NOVA VISTA/NOVA CINTRA
6301;9205-05;ATENDIMENTO CARNAVAL
6303;9205-06;PATROCINIO CARNAVAL
7803;9205-07;DESVIO FEIRA AV.AFONSO PENA
3395;9205-08;ATENDIMENTO PATROCINIO - DESVIO FEIRA AV. AF. PENA
643;9206-01;VERA CRUZ/BURITIS
644;9206-02;VERA CRUZ/BURITIS
1038;9206-03;VERA CRUZ/BURITIS
3396;9206-04;VERA CRUZ/BURITIS
4737;9206-05;DESVIO FEIRA DA AVENIDA AFONSO PENA
6304;9206-06;ATENDIMENTO CARNAVAL
646;9207-01;SANTA INES/NOVA CINTRA
3397;9207-02;SANTA INES/NOVA CINTRA
648;9208-01;TAQUARIL/CONJUNTO SANTA MARIA
649;9208-02;TAQUARIL/CONJ SANTA MARIA-NÃO ATEND.R. ERCILIA SIQ
1031;9208-03;TAQUARIL / CENTRO
2615;9208-04;TAQUARIL/CONJ. SANTA MARIA - ATEND. RUA PE FEIJÓ  
3398;9208-05;TAQUARIL/CONJUNTO SANTA MARIA
3400;9208-06;TAQUARIL/CONJUNTO SANTA MARIA NÃ ATEND. R. ERCILIA
6305;9208-07;ATENDIMENTO CARNAVAL
6306;9208-08;DESVIO R ERCILA CARNAVAL
6307;9208-09;VIA PADRE FEIJÓ CARNAVAL
651;9209-01;SAGRADA FAMILIA/GUTIERREZ
3315;9209-02;SAGRADA FAMILIA/GUTIERREZ
6308;9209-03;ATENDIMENTO CARNAVAL
7804;9209-04;DESVIO FEIRA AV.AFONSO PENA
653;9210-01;SANTA TEREZA/PRADO
3401;9210-02;SANTA TEREZA/PRADO
6309;9210-03;ATENDIMENTO CARNAVAL
7818;9210-04;DESVIO FEIRA AV.AFONSO PENA
655;9211-01;CAETANO FURQUIM/HAVAI
3403;9211-02;CAERTANO FURQUIM/HAVAI
6310;9211-03;ATENDIMENTO CARNAVAL
7819;9211-04;DESVIO FEIRA AV.AFONSO PENA
657;9212-01;CASA BRANCA/ALTO HAVAI
658;9212-02;CASA BRANCA/ALTO HAVAI
888;9214-01;CAETANO FURQUIM/ HAVAI - VIA ALTO HAVAI
3405;9214-02;CAETANO FURQUIM/HAVAI - VIA ALTO HAVAI
3541;9214-03;HAVAÍ VIA ALTO HAVAÍ / CENTRO
6311;9214-04;HAVAI/CENTRO CARNAVAL
6401;9214-05;ATENDIMENTO CARNAVAL
660;9250-02;CAETANO FURQUIM/NOVA CINTRA
1010;9250-03;CAETANO FURQUIM/NOVA CINTRA VIA SAVASSI
3007;9250-04;CAETANO FURQUIM/NOVA CINTRA RETORNO HOSPITAIS
6463;9250-05;ATENDIMENTO CARNAVAL
6518;9250-06;PARTIDAS DA AV. SANTA ALBERTINA
662;9401-01;SANTA EFIGENIA/SANTA MARIA
753;9402-01;SANTA INES/SANTO ANDRE
1213;9402-02;SANTA INES/SANTO ANDRE
6313;9402-03;ATENDIMENTO CARNAVAL
664;9403-01;PARAISO/CAICARA
665;9403-02;PARAISO/CAICARA
1065;9403-03;PARAISO/CAICARA
3406;9403-04;PARAISO/CAIÇARA
3408;9403-05;PARAISO/CAIÇARA ATEND. R. AURELIANO MAGALHAES
6314;9403-07;ATENDIMENTO CARNAVAL
667;9404-01;SAO LUCAS/NOVA ESPERANCA
3335;9404-02;SAO LUCAS/NOVA ESPERANÇA
6315;9404-03;ATENDIMENTO CARNAVAL
669;9405-01;INSTITUTO AGRONOMICO/MONSENHOR MESSIAS
1295;9405-02;INSTITUTO AGRONOMICO/MONSENHOR MESSIAS
3409;9405-03;INSTITUTO AGRONOMICO/MONSENHOR MESSIAS
3734;9405-04;DESVIO DA RUA FRANCISCO BICALHO
6316;9405-05;DESVIO R.F.BICALHO- CARNAVAL
6440;9405-06;ATENDIMENTO CARNAVAL
671;9407-01;ALTO VERA CRUZ/DOM BOSCO
672;9407-02;ALTO VERA CRUZ/DOM BOSCO
1077;9407-03;ALTO VERA CRUZ/DOM BOSCO
1078;9407-04;ALTO VERA CRUZ/DOM BOSCO
3412;9407-05;ALTO VERA CRUZ/DOM BOSCO
3413;9407-06;ALTO VERA CRUZ/DOM BOSCO ATEND. R. OSMARIO SOARES
6318;9407-07;ATENDIMENTO CARNAVAL
6464;9407-08;VIA OSMARIO SOARES - CARNAVAL
674;9408-01;SANTA EFIGENIA/PADRE EUSTAQUIO
675;9408-02;SANTA EFIGENIA/PADRE EUSTAQUIO
3414;9408-03;SANTA EFIGENIA/PADRE EUSTAQUIO
6319;9408-04;ATENDIMENTO CARNAVAL
677;9410-01;SAGRADA FAMILIA/CORACAO EUCARISTICO
864;9410-02;SAGRADA FAMILIA/CORACAO EUCARISTICO
3417;9410-03;SAGRADA FAMILIA/CORAÇÃO EUCARISTICO
6321;9410-04;ATENDIMENTO CARNAVAL
7820;9410-05;DESVIO FEIRA AV.AFONSO PENA
679;9411-01;CASA BRANCA/SAO JOSE
3378;9411-02;CASA BRANCA/SAO JOSE
6098;9411-03;PARTIDA E.E. WALT DISNEY
6322;9411-04;ATENDIMENTO CARNAVAL
6465;9411-05;E.E. WALT DISNEY - CARNAVAL
681;9412-01;CONJ.TAQUARIL/PADRE EUSTAQUIO
682;9412-02;CONJ.TAQUARIL/PADRE EUSTAQUIO
1006;9412-04;CONJ.TAQUARIL/PADRE EUSTAQUIO
1008;9412-05;CONJ.TAQUARIL/PADRE EUSTAQUIO
1009;9412-06;CONJ.TAQUARIL/PADRE EUSTAQUIO
1007;9412-07;CONJ.TAQUARIL/PADRE EUSTAQUIO
1012;9412-08;CONJ.TAQUARIL/PADRE EUSTAQUIO
1013;9412-10;CONJ. TAQUARIL/PADRE EUTAQUIO
1041;9412-11;CONJ.TAQUARIL/PADRE EUSTAQUIO
1042;9412-12;DESVIO FEIRA AV. AFONSO PENA
2834;9412-13;NOTURNO
2835;9412-14;NOTURNO E DESVIO FEIRA AV. AFONSO PENA
3380;9412-15;CONJ.TAQUARIL/PADRE EUSTAQUIO
3594;9412-16;DESVIO FEIRA DA AV AFONSO PENA
3595;9412-17;ATENDIMENTO NOTURNO
6323;9412-18;ATENDIMENTO CARNAVAL
6324;9412-19;NOTURNO CARNAVAL
684;9414-01;SANTA INÊS / JOAO PINHEIRO
3383;9414-02;SANTA INÊS  / JOAO PINHEIRO
3720;9414-03;SANTA INÊS / JOÃO PINHEIRO - ATEND. AO CALIFORNIA
5317;9414-04;STA.INÊS/ J.PINHEIRO-ATEND. RUA QUINZE (MARILAC) 
6325;9414-05;VIA CALIFORNIA CARNAVAL
6392;9414-06;ATENDIMENTO CARNAVAL
7821;9414-07;ATENDIMENTO CALIFORNIA - DESVIO FEIRA AV. AF. PENA
6740;9415-01;NOSSA SENHORA DE FÁTIMA/BONFIM
7218;9415-02;ATENDIMENTO CARNAVAL
686;9501-01;SAO LUCAS/JARAGUA
687;9501-02;SAO LUCAS/JARAGUA
688;9501-03;SAO LUCAS/JARAGUA
689;9501-05;SAO LUCAS/JARAGUA
1248;9501-07;SAO LUCAS/JARAGUA
6326;9501-08;ATENDIMENTO CARNAVAL
6390;9501-09;NOVO SÃO LUCAS - CARNAVAL
691;9502-01;SAO GERALDO/SAO FRANCISCO VIA ESPLANADA
692;9502-02;SAO GERALDO/SAO FRANCISCO VIA ESPLANADA
693;9502-03;SAO GERALDO/SAO FRANCISCO VIA ESPLANADA
954;9502-04;ZOOLOGICO VIA MUSEU DE ARTE
3074;9502-05;SÃO GERALDO / SÃO FANCISCO -ATEND. DIRETO UFMG
6327;9502-06;ATENDIMENTO CARNAVAL
6388;9502-07;ZOOLÓGICO: CARNAVAL
7822;9502-08;DESVIO FEIRA AV.AFONSO PENA
695;9503-01;TAQUARIL/JARAGUA
696;9503-02;TAQUARIL/JARAGUA
1023;9503-03;TAQUARIL/JARAGUA
2874;9503-04;TAQUARIL / CENTRO- RETORNO RUAS DOS TUPINAMBÁS
6329;9503-05;ATENDIMENTO CARNAVAL
698;9550-01;CASA BRANCA/SAO FRANCISCO VIA EST. JOSE CANDIDO
826;9550-02;CASA BRANCA/SAO FRANCISCO VIA EST. JOSE CANDIDO
6099;9550-03;PARTIDA E.E. WALT DISNEY
700;9801-01;SAUDADE/SANTA CRUZ
701;9801-02;SAUDADE/SANTA CRUZ
6330;9801-03;ATENDIMENTO CARNAVAL
703;9803-01;TAQUARIL/PALMARES
955;9803-02;TAQUARIL / PALMARES
1482;9803-03;TAQUARIL / CENTRO - RETORNO VIADUTO FLORESTA
6331;9803-04;ATENDIMENTO CARNAVAL
705;9804-01;SAO LUCAS/CONCORDIA
706;9804-02;SAO LUCAS/CONCORDIA
959;9805-01;SANTA EFIGÊNIA / RENASCENÇA
960;9805-02;SANTA EFIGÊNIA / RENASCENÇA - DESVIO FEIRA A. PENA
3399;9805-03;SANTA EFIGÊNIA / RENASCENÇA
6332;9805-04;ATENDIMENTO CARNAVAL
5480;9850-01;EST.JOSÉ CÂNDIDO/EST.SÃO GABRIEL
3635;9999-01;LINHA ESPECIAL USO INTERNO CONCESSIONÁRIAS
3636;9999-02;LINHA ESPECIAL USO INTERNO CONCESSIONÁRIAS
3637;9999-03;LINHA ESPECIAL USO INTERNO CONCESSIONÁRIAS
3638;9999-04;LINHA ESPECIAL USO INTERNO CONCESSIONÁRIAS
5661;AC01-01;ESTAÇÃO TRANSF. CANDELÁRIA
5663;AC02-01;ESTAÇÃO TRANSF. MINAS CAIXA
5665;AC03-01;ESTAÇÃO TRANSF. QUADRAS DO VILARINHO
5667;AC04-01;ESTAÇÃO TRANSF. UPA VENDA NOVA
5718;AC05-01;ESTAÇÃO TRANSF. CRISTIANO GUIMARÃES
5720;AC06-01;ESTAÇÃO TRANSF. PLANALTO
5722;AC07-01;ESTAÇÃO TRANSF. SÃO JOÃO BATISTA
5724;AC08-01;ESTAÇÃO TRANSF. LAGOA DO NADO
5726;AC09-01;ESTAÇÃO TRANSF. MONTESE
5728;AC10-01;ESTAÇÃO TRANSF. MONTE CASTELO
5519;AC12-01;ESTAÇÃO TRANSF. SANTA ROSA
5521;AC13-01;ESTAÇÃO TRANSF. MINEIRÃO
5523;AC14-01;ESTAÇÃO TRANSF. UFMG
5526;AC15-01;ESTAÇÃO TRANSF. LIBERDADE
5528;AC16-01;ESTAÇÃO TRANSF. COLÉGIO MILITAR
5530;AC17-01;ESTAÇÃO TRANSF. SÃO FRANCISCO
5513;AC18-01;ESTAÇÃO TRANSF. CACHOEIRINHA
5511;AC19-01;ESTAÇÃO TRANSF. AMÉRICO VESPÚCIO
5509;AC20-01;ESTAÇÃO TRANSF. APARECIDA
5507;AC21-01;ESTAÇÃO TRANSF. OPERÁRIOS
5505;AC22-01;ESTAÇÃO TRANSF. HOSPITAL BELO HORIZONTE
5503;AC23-01;ESTAÇÃO TRANSF. IAPI
5501;AC24-01;ESTAÇÃO TRANSF. HOSPITAL ODILON BEHRENS
5499;AC25-01;ESTAÇÃO TRANSF. SENAI
5497;AC26-01;ESTAÇÃO TRANSF. LAGOINHA
5328;CM02-01;ESTAÇÃO DE TRANSF. MINAS SHOPPING
5330;CM03-01;ESTAÇÃO DE TRANSF. OURO MINAS
5326;CM04-01;ESTAÇÃO DE TRANSF. UNIÃO
5332;CM05-01;ESTAÇÃO DE TRANSF. IPIRANGA
5334;CM06-01;ESTAÇÃO DE TRANSF. CIDADE NOVA
5336;CM07-01;ESTAÇÃO DE TRANSF. FEIRA DOS PRODUTORES
5338;CM08-01;ESTAÇÃO DE TRANSF. SÃO JUDAS TADEU
5340;CM09-01;ESTAÇÃO DE TRANSF. SAGRADA FAMÍLIA
5342;CM10-01;ESTAÇÃO DE TRANSF. SILVIANO BRANDÃO
1088;E002-01;SERVIÇO ESPECIAL BETANIA
1091;E006-01;SERVIÇO ESPECIAL COLETIVOS SÃO LUCAS
1094;E008-01;SERVIÇO ESPECIAL COLETIVOS VENDA NOVA
1096;E018-01;SERVIÇO ESPECIAL EXPRESSO RADAR
1098;E024-01;SERVIÇO ESPECIAL SÃO BERNARDO ÔNIBUS
1100;E026-01;SERVIÇO ESPECIAL TRANSIMÃO
1102;E027-01;SERVIÇO ESPECIAL TRANSLUCIANA
1104;E034-01;SERVIÇO ESPECIAL URCA AUTO ÔNIBUS
1106;E037-01;SERVIÇO ESPECIAL VIAÇÃO ANCHIETA
1109;E038-01;SERVIÇO ESPECIAL VIAÇÃO AVENIDA
1111;E043-01;SERVIÇO ESPECIAL VIAÇÃO CARNEIRINHOS
1114;E046-01;SERVIÇO ESPECIAL VIAÇÃO CRUZEIRO
1119;E048-01;SERVIÇO ESPECIAL TCL
1121;E049-01;SERVIÇO ESPECIAL GEMATUR
1123;E050-01;SERVIÇO ESPECIAL GETÚLIO VARGAS
1126;E051-01;SERVIÇO ESPECIAL VIAÇÃO GLOBO
1128;E052-01;SERVIÇO ESPECIAL PAMPULHA TRANSPORTES
1130;E053-01;SERVIÇO ESPECIAL VIAÇÃO LUX
1132;E055-01;SERVIÇO ESPECIAL VIAÇÃO METROPOLITANA
1082;E060-01;SERVIÇO ESPECIAL NOVA SUIÇA
1134;E061-01;SERVIÇO ESPECIAL VIAÇÃO PARAENSE
1136;E063-01;SERVIÇO ESPECIAL SAGRADA FAMÍLIA
1138;E065-01;SERVIÇO ESPECIAL VIAÇÃO PROGRESSO
1140;E066-01;SERVIÇO ESPECIAL VIAÇÃO REAL
1142;E068-01;SERVIÇO ESPECIAL VIAÇÃO SANDRA
1144;E069-01;SERVIÇO ESPECIAL VIAÇÃO SANTA EDWIGES
1146;E072-01;SERVIÇO ESPECIAL VIAÇÃO SANTA TEREZA
1149;E073-01;SERVIÇO ESPECIAL VIAÇÃO SÃO GERALDO
1151;E074-01;SERVIÇO ESPECIAL VIAÇÃO SÃO PEDRO
1084;E076-01;SERVIÇO ESPECIAL SERRA VERDE
1153;E078-01;SERVIÇO ESPECIAL VIAÇÃO TORRES
1155;E079-01;SERVIÇO ESPECIAL VIAÇÃO EUCLÁSIO
1157;E081-01;SERVIÇO ESPECIAL VIAÇÃO VERA CRUZ
1159;E082-01;SERVIÇO ESPECIAL VIAÇÃO ZURICK
1161;E085-01;SERVIÇO ESPECIAL VIAÇÃO VIASUL
5016;E087-01;SERVIÇO ESPECIAL SUPLEMENTAR
1163;E094-01;SERVIÇO ESPECIAL RODAP
1165;E098-01;SERVIÇO ESPECIAL COLETUR
1167;E099-01;SERVIÇO ESPECIAL TRANSCBEL
1169;E100-01;SERVIÇO ESPECIAL VIAÇÃO BOA VISTA
1171;E101-01;SERVIÇO ESPECIAL AUTO VIAÇÃO SANTO AGOSTINHO
1176;E104-01;SERVIÇO ESPECIAL AUTOTRANS
1178;E105-01;SERVIÇO ESPECIAL VIAÇÃO PÁSSARO VERDE
1180;E106-01;SERVIÇO ESPECIAL TRIPUÍ
1182;E107-01;SERVIÇO ESPECIAL MILÊNIO
1184;E108-01;SERVIÇO ESPECIAL SÃO DIMAS
1186;E109-01;SERVIÇO ESPECIAL VIAÇÃO JARDINS
1188;E111-01;SERVIÇO ESPECIAL VIA BH COLETIVOS
1174;E114-01;SERVIÇO ESPECIAL SÃO CRISTÓVÃO
2676;E117-01;SERVIÇO ESPECIAL TURILESSA
2956;E118-01;SERVIÇO ESPECIAL S&M TRANSPORTES
5937;E130-01;SERVIÇO ESPECIAL VIAÇÃO TRANS OESTE
5358;PR01-01;ESTAÇÃO DE TRANSF. TAMOIOS
5360;PR02-01;ESTAÇÃO DE TRANSF. CARIJÓS
1324;S10-01;BH SHOPPING/SÃO FRANCISCO
4434;S10-02;BH SHOPPING/SÃO FRANCISCO
7578;S10-03;VIA RUA ALCOBAÇA - MANHÃ
7579;S10-04;VIA RUA ALCOBAÇA - TARDE
7639;S11-01;CRUZEIRO/GUTIERREZ
6599;S19-01;HOSPITAL EVANGELICO\SHOPPING BOULEVARD
1327;S20-01;PALMEIRAS/SERRA
1328;S20-02;PALMEIRAS/SERRA - ATEND.BH SHOPPING
6178;S20-03;PALMEIRAS ATÉ A RUA CARAÇA
1330;S21-01;DOM CABRAL/BH SHOPPING
1332;S22-01;BURITIS/METRÔ CALAFATE
4877;S22-02;PARTIDAS DA AVENIDA RAUL MOURÃO GUIMARÃES
5036;S22-03;ESTAÇÃO CALAFATE / AV. DOM JOÃO VI
1335;S31-01;PETRÓPOLIS / BARREIRO
2054;S31-02;PETRÓPOLIS - ATENDIMENTO BAIRRO DAS INDUSTRIAS
1396;S32-01;ITAIPÚ/CARDOSO
1397;S32-02;ITAIPÚ/CARDOSO - ATEND. SÁBADO PART. CARDOSO
1340;S33-01;LINDÉIA/MILIONÁRIOS
1341;S33-02;LINDÉIA/MILIONÁRIOS - PARTIDAS DA RUA BETULA
1342;S33-03;LINDÉIA/MILIONÁRIOS- ENCERRA NO BAIRRO MILIONARIOS
1344;S41-01;CONJUNTO CALIFÓRNIA/PRADO
1345;S41-02;CONJUNTO CALIFÓRNIA/PRADO - ATEND. ESTÁCIO DE SÁ
1347;S50-01;CAIÇARA / NOVA VISTA - VIA UFMG
1348;S50-02;CAIÇARA / NOVA VISTA - NÃO ATEND. UFMG
8238;S50-03;NOVA VISTA / SHOPPING DEL REY
1351;S51-01;CIRCULAR PAMPULHA - PRINCIPAL VIA PORTUGAL
2754;S51-02;CIRCULAR PAMPULHA / PARTIDAS VIA BRASIL
5796;S51-03;CIRCULAR PAMPULHA VIA SANTA TEREZINHA
1353;S52-01;CIRCULAR PAMPULHA
1354;S52-02;CIRCULAR PAMPULHA - PARTIDAS R. EXP. ANT. ESTEVON
1377;S53-01;CONFISCO/SÃO GABRIEL
1356;S54-01;DOM BOSCO/SHOPPING DEL REY / VIA CASTELO   A
1357;S54-02;DOM BOSCO/SHOPPING DEL REY / VIA PE EUSTÁQUIO B
1359;S55-01;SANTA MÔNICA/MINAS SHOPPING
7319;S56-01;PRINCIPAL
1361;S60-01;CIRCULAR VENDA NOVA
1362;S60-02;CIRCULAR VENDA NOVA - ATEND. BAIRRO LETÍCIA
1364;S61-01;MANTIQUEIRA/ESTAÇÃO VILARINHO
5756;S61-02;MANTIQUEIRA/EST. VILARINHO-ENCERRA R.NOVA MALIBU
4395;S61-03;DIRETA LANDI / ESTAÇÃO VILARINHO
1366;S63-01;CIRCULAR VENDA NOVA 
1367;S63-02;CIRCULAR VENDA NOVA - ATEND. CÉU ANIL
1369;S64-01;CIRCULAR VENDA NOVA
1370;S64-02;CIRCULAR VENDA NOVA - ATEND. CÉU ANIL
1372;S65-01;SÃO BERNARDO/MINAS CAIXA
2094;S65-02;SÃO BERNARDO/MINAS CAIXA - VIA SALAMANCA
1374;S66-01;TUPI/EUROPA
4936;S66-02;TUPI\EUROPA
1379;S70-01;CONJ. FELICIDADE/SHOPPING DEL REY 
4937;S70-02;CONJ. FELICIDADE\SHOPPING DEL REY C/RET.EXPRESSO
1337;S80-01;PRINCIPAL
1338;S80-02;JARDIM VITÓRIA/CIDADE INDUSTRIAL - NOTURNO
1662;S80-03;JARDIM VITÓRIA/CIDADE INDUSTRIAL
1381;S81-01;CIRCULAR NORDESTE
1383;S82-01;CIRCULAR NORDESTE
3794;S82-02;CIRCULAR NORDESTE - ATEND. RUA ANGOLA
1386;S83-01;DOM JOAQUIM/VISTA DO SOL
1387;S83-02;DOM JOAQUIM/VISTA DO SOL - PARTIDA VISTA DO SOL
1388;S83-03;DOM JOAQUIM/VISTA DO SOL - TÉRM. VIAGEM VISTA SOL
1389;S83-04;DOM JOAQUIM/VISTA DO SOL - ATEND. PUC SÃO GABRIEL
1391;S85-01;MINAS SHOPPING/SANTA INÊS
1393;S90-01;BALEIA/SAGRADA FAMÍLIA
7339;S92-01;PRINCIPAL
708;SA01-01;METRO-CENTRAL/PCA.DA LIBERDADE/HOSPITAIS
855;SA01-02;METRO-CENTRAL/PCA.DA LIBERDADE/HOSPITAIS
865;SA01-03;METRO-CENTRAL/PCA.DA LIBERDADE/HOSPITAIS
710;SC01A-01;CONTORNO A
712;SC01B-01;CONTORNO B
6466;SC01B-02;ATENDIMENTO CARNAVAL
714;SC01R-01;CONTORNO/PRACA MILTON CAMPOS
877;SC01R-02;CONTORNO/PRACA MILTON CAMPOS
716;SC02A-01;PRACA 7/SAVASSI VIA PCA DA LIBERDADE - SANTA CASA
718;SC02B-01;SAVASSI/PRACA 7 VIA SANTA CASA - PCA DA LIBERDADE
719;SC02B-02;SAVASSI/PRACA 7  - DESVIO FEIRA  AFONSO PENA
6353;SC02B-03;ATENDIMENTO CARNAVAL
721;SC03A-01;HOSPITAL FELICIO ROCHO/HOSPITAL MILITAR A
723;SC03B-01;HOSPITAL FELICIO ROCHO/HOSPITAL MILITAR B
725;SC04A-01;SANTA CASA/SAVASSI/RODOVIARIA A
6351;SC04A-02;ATENDIMENTO CARNAVAL
727;SC04B-01;SANTA CASA/RODOVIARIA/SAVASSI B
3454;SC04B-02;TERMINAL BERNARDO MONTEIRO / HOSPITAIS
5362;SD01-01;ESTAÇÃO DE TRANSF. SÃO PAULO
5364;SD02-01;ESTAÇÃO DE TRANSF. RIO DE JANEIRO
4817;SE01-01;CIDADE ADMINISTRATIVA / SAVASSI
5237;SE01-02;VIA AEROPORTO DA PAMPULHA
4819;SE02-01;BURITIS / SAVASSI
5637;ST01-01;CIRCUITO TURÍSTICO CENTRO-SUL
5697;ST01-02;CIRCUITO TUR. CENTRO-SUL - ATEND. PQ. MANGABEIRAS
5698;ST01-03;ATEND. PQ. MANGABEIRAS - DESVIO DA FEIRA
